"child","parent"
"3a4eacdac8ea921ed9b32d0e5dab18cf4b6d9d2a","deb6e2208721902d6057ed88f18361e0c77eb6d8"
"deb6e2208721902d6057ed88f18361e0c77eb6d8","6078d2f47710cc3820348c77fb6e2074a8847fee"
"6078d2f47710cc3820348c77fb6e2074a8847fee","60a7912604bf2dea39beddd555d2c12f12bfe83f"
"60a7912604bf2dea39beddd555d2c12f12bfe83f","2ca335a47fc97835b7c3ceaf44301b13e2bc0283"
"2ca335a47fc97835b7c3ceaf44301b13e2bc0283","51188e6119f432e250f3d0a671bde8af77a796d4"
"51188e6119f432e250f3d0a671bde8af77a796d4","5f8f4861868fa578238a4cc05034fba1b1bfb7f3"
"5f8f4861868fa578238a4cc05034fba1b1bfb7f3","f87b1fdd8fb1cb4fd0e0931e53330caaa386da3c"
"f87b1fdd8fb1cb4fd0e0931e53330caaa386da3c","a38bff9372c36109caf3a9e66484764c37e194e0"
"a38bff9372c36109caf3a9e66484764c37e194e0","48aa7583984dde5aeab63012245e750ea1a849e4"
"48aa7583984dde5aeab63012245e750ea1a849e4","3bfcc3ded8642bec338ee98d5e46f9581eb890e8"
"3bfcc3ded8642bec338ee98d5e46f9581eb890e8","4c575a432d58d21f41e9d99ef260533908361d80"
"4c575a432d58d21f41e9d99ef260533908361d80","779d389678c5b9d86da7a6cbf94175f45e32d57b"
"779d389678c5b9d86da7a6cbf94175f45e32d57b","88dd91bc24411282bd67b4b0c02213e3b2acd292"
"88dd91bc24411282bd67b4b0c02213e3b2acd292","2a73d550e6845d34a70a8db6998e41d40aab822e"
"2a73d550e6845d34a70a8db6998e41d40aab822e","f970d3a8947e2f5eeaf8c852ec3648137f343732"
"f970d3a8947e2f5eeaf8c852ec3648137f343732","b52dce3872e06d7888c424d0ec320cf55a15f670"
"b52dce3872e06d7888c424d0ec320cf55a15f670","b412da75fa257883315d6449e8f2672cba54e02f"
"b412da75fa257883315d6449e8f2672cba54e02f","a6d4f34c10c14c7c87c91cd851a997f915984b7f"
"a6d4f34c10c14c7c87c91cd851a997f915984b7f","204336f3b58ec971bd1b81b2abae6ff961a9f5c9"
"204336f3b58ec971bd1b81b2abae6ff961a9f5c9","a17e7fdf91027203e153102f44d19ffaa2426a53"
"a17e7fdf91027203e153102f44d19ffaa2426a53","3c0df996cbf5afbac380f4974bf668c33cc8e818"
"3c0df996cbf5afbac380f4974bf668c33cc8e818","6a5d8e3bdcb6812db857b59b9cd2d2ee405df6e4"
"6a5d8e3bdcb6812db857b59b9cd2d2ee405df6e4","88bed53078a691b2f0b1eafb3d32071ab5cdb779"
"88bed53078a691b2f0b1eafb3d32071ab5cdb779","52e4d63419a311559c55f63d06fd91a545ece795"
"52e4d63419a311559c55f63d06fd91a545ece795","e8f4f381b3760a58cfae407a9e0801f910f1ed58"
"e8f4f381b3760a58cfae407a9e0801f910f1ed58","20dc13ceec718a9d4eb402a12410d8bda5c14c82"
"20dc13ceec718a9d4eb402a12410d8bda5c14c82","0ffb71613661ff27ba2989f3f21cb523f11cfef0"
"0ffb71613661ff27ba2989f3f21cb523f11cfef0","cc7a43c9fbbd2e4112874ca104c01fde33153889"
"cc7a43c9fbbd2e4112874ca104c01fde33153889","a9dcdf8d0ce8dc56b0f3f2e6a1b619fcde93207f"
"a9dcdf8d0ce8dc56b0f3f2e6a1b619fcde93207f","72f25bffb497612f28bbd481a3d7d96b92b56b57"
"72f25bffb497612f28bbd481a3d7d96b92b56b57","3612a1c7150d3b16232f2dfe4546fbc0ddd7cefb"
"3612a1c7150d3b16232f2dfe4546fbc0ddd7cefb","57c4746ce53656f194bbed0e636c69f63d562d28"
"57c4746ce53656f194bbed0e636c69f63d562d28","fa7625a426a1a4c6cf751243e636a1f54387c676"
"fa7625a426a1a4c6cf751243e636a1f54387c676","a61e47f0a6dc52b4cbfcbfe515c111baeea899d3"
"a61e47f0a6dc52b4cbfcbfe515c111baeea899d3","72943d883bfae22fd42d61ef0de3dba887676c87"
"72943d883bfae22fd42d61ef0de3dba887676c87","a22efcad2873b4bf72a9d42c6964b404490617e9"
"a22efcad2873b4bf72a9d42c6964b404490617e9","ca28d432eefc335f6228af0922858366ddc1763d"
"ca28d432eefc335f6228af0922858366ddc1763d","0d14e919f5423599e04b25519841e429de86ec61"
"0d14e919f5423599e04b25519841e429de86ec61","7d025d039b473971632973d7668d87137c4c3620"
"7d025d039b473971632973d7668d87137c4c3620","11d87e957ec41bb2f7e55d4938a0f4e78f637910"
"11d87e957ec41bb2f7e55d4938a0f4e78f637910","fc64b267046a7559f12bfc1fd311e9e91beada2b"
"fc64b267046a7559f12bfc1fd311e9e91beada2b","7a656054b0104f1b737d3b389764c2131d1503cd"
"7a656054b0104f1b737d3b389764c2131d1503cd","75504741d5f24ead3b13652c2543a1229c14708c"
"75504741d5f24ead3b13652c2543a1229c14708c","bdbb2cd8e49101dde476c14a9340f244673f1ece"
"bdbb2cd8e49101dde476c14a9340f244673f1ece","826503b3071f39f4f3dff8ac2d523dcbb382c12b"
"826503b3071f39f4f3dff8ac2d523dcbb382c12b","393afd5acc4c608b1c082412fccd2f710589de1b"
"393afd5acc4c608b1c082412fccd2f710589de1b","ef330316af45ea383732ed9e0c183a8b171ca190"
"ef330316af45ea383732ed9e0c183a8b171ca190","1f9ebfceb8f212b4e67fbe128ccf2562a85ff852"
"1f9ebfceb8f212b4e67fbe128ccf2562a85ff852","366206a3113c8639e971f7332141faac8dca2d9a"
"366206a3113c8639e971f7332141faac8dca2d9a","3a7f0a1ad231858d574889855b4135a23a304032"
"3a7f0a1ad231858d574889855b4135a23a304032","0a980ac7a1220539b444e9854f2d64c51018c191"
"0a980ac7a1220539b444e9854f2d64c51018c191","b707b8a8fe37c3a354ef782c4b1c822170925728"
"b707b8a8fe37c3a354ef782c4b1c822170925728","c30a2acdc7e1499e0c1e2e94e40bc0ea9338bba8"
"c30a2acdc7e1499e0c1e2e94e40bc0ea9338bba8","d736d2180ccc25798a28cbb3c0db653950112d50"
"d736d2180ccc25798a28cbb3c0db653950112d50","8442c814baf89bfbcaff1ddfdb14cbc04ec0dbf1"
"8442c814baf89bfbcaff1ddfdb14cbc04ec0dbf1","83c6f1ee2a1d918362483c12c7dd95b10df808ed"
"83c6f1ee2a1d918362483c12c7dd95b10df808ed","d88282489ac6c269fa82a9b72d97453f87a989b3"
"d88282489ac6c269fa82a9b72d97453f87a989b3","89839861debcba45fa7d7f39b179c3350de7f563"
"89839861debcba45fa7d7f39b179c3350de7f563","3cefa99e461b1dab54b50fff40a4202bb365ef30"
"3cefa99e461b1dab54b50fff40a4202bb365ef30","8f8da11969ebc821824f3dd4d4044f6dbd8625c4"
"8f8da11969ebc821824f3dd4d4044f6dbd8625c4","65c5ee8ccb6c7258e644a99df729552890706108"
"65c5ee8ccb6c7258e644a99df729552890706108","7283e03c08776e542352166a1edcedf2adc0ef48"
"7283e03c08776e542352166a1edcedf2adc0ef48","523705eae1405009f18a47a61604a66e2215d73a"
"523705eae1405009f18a47a61604a66e2215d73a","c476cc65bf9abc9f2a1e371490112d558b465a58"
"c476cc65bf9abc9f2a1e371490112d558b465a58","e9675e5bf48784d4d4da1afa255d337421ac5b92"
"e9675e5bf48784d4d4da1afa255d337421ac5b92","49d94b859943d754d6c7b8a1843c3302aba2b9ec"
"49d94b859943d754d6c7b8a1843c3302aba2b9ec","c862c56bf85a08ceb5040556260d7cf9331ef595"
"c862c56bf85a08ceb5040556260d7cf9331ef595","354b7561e9a88a602aea50f55a9949c8a0001037"
"354b7561e9a88a602aea50f55a9949c8a0001037","7d95fdf61a0aae87abb7319eeeb504fb0c5b03a0"
"7d95fdf61a0aae87abb7319eeeb504fb0c5b03a0","56640b09df56270029afd0c5fff6e93b41009815"
"56640b09df56270029afd0c5fff6e93b41009815","5922b3660cc0ae8b18fea51a67946e40465d9bfc"
"5922b3660cc0ae8b18fea51a67946e40465d9bfc","e76e4454f8031c13c8773759b13d68fdc83d45bd"
"e76e4454f8031c13c8773759b13d68fdc83d45bd","c567cbb970b747ce29a8f46ca115934a4a2aa9e3"
"c567cbb970b747ce29a8f46ca115934a4a2aa9e3","4a6840b5495baa422e7a485621c01d47a66fe37d"
"4a6840b5495baa422e7a485621c01d47a66fe37d","074176b4574ce41fadf3fba09213e902ede914ac"
"074176b4574ce41fadf3fba09213e902ede914ac","073bf89653b3f6871018802f7912c8119a93643f"
"073bf89653b3f6871018802f7912c8119a93643f","e0c22eeb8db663067f9dd1b688d811c5e4302724"
"e0c22eeb8db663067f9dd1b688d811c5e4302724","604299aa4f15a191cc7f8247dfd0724d8324aed0"
"604299aa4f15a191cc7f8247dfd0724d8324aed0","871abd0def51af9ae862fefee3911259d0943a88"
"871abd0def51af9ae862fefee3911259d0943a88","27e228fb1182041e3f56cecf2133ab804343a289"
"27e228fb1182041e3f56cecf2133ab804343a289","b82850ab09cb6fdb1b5818f41319adfb58b5bcd0"
"b82850ab09cb6fdb1b5818f41319adfb58b5bcd0","3f58e5842daefd6298d86b578fb345d3fac601dd"
"3f58e5842daefd6298d86b578fb345d3fac601dd","817e100bb01f9e6e14e92697c935cc3786315935"
"817e100bb01f9e6e14e92697c935cc3786315935","2695bc625bfeb89d5d0dd3fb247ef203eca659d6"
"2695bc625bfeb89d5d0dd3fb247ef203eca659d6","df59c11ce2628a0fb687dedce7769eded0637582"
"df59c11ce2628a0fb687dedce7769eded0637582","f71402c8959cf7e65b8674d39112de2dc43ce0a2"
"f71402c8959cf7e65b8674d39112de2dc43ce0a2","9be40fb1c03f3bba53597f5cb2db823dbd8c97bb"
"9be40fb1c03f3bba53597f5cb2db823dbd8c97bb","fbf00bc8c14515e23ec68b948b783b454eaf0971"
"fbf00bc8c14515e23ec68b948b783b454eaf0971","f4f47a815a662f33d9732c3b56771004afc08c1f"
"f4f47a815a662f33d9732c3b56771004afc08c1f","add5015f88675d75630cdd10789045b8d811a448"
"add5015f88675d75630cdd10789045b8d811a448","6e0b13adcbb3dac5ddc720a0cbfa354d7f30d4a5"
"6e0b13adcbb3dac5ddc720a0cbfa354d7f30d4a5","df1beca376fe06f0d80ffce8db6215126c4c18c4"
"df1beca376fe06f0d80ffce8db6215126c4c18c4","89dff1364d70ca8d8f3034ad7bae0b408a50e156"
"89dff1364d70ca8d8f3034ad7bae0b408a50e156","0e6a65b3a6d175b27bc3ac178ee415309fde91e1"
"0e6a65b3a6d175b27bc3ac178ee415309fde91e1","8ce8f8da667571c5126e3e01fd56f7a5574607ed"
"8ce8f8da667571c5126e3e01fd56f7a5574607ed","d45382f220ef16dfe1c169a9a7f0f3f53fb26fa7"
"d45382f220ef16dfe1c169a9a7f0f3f53fb26fa7","76b76e7a6d8ee65339b86a65a4f41ea2db75fd1e"
"76b76e7a6d8ee65339b86a65a4f41ea2db75fd1e","416d637b9795c0827dc0a27fb359173c80f9ecce"
"416d637b9795c0827dc0a27fb359173c80f9ecce","9d233a0f9ce099c2bc0f44116a48e330befa01b2"
"9d233a0f9ce099c2bc0f44116a48e330befa01b2","1db1a0be1449fc0c952ad2d337b153807edcfef3"
"1db1a0be1449fc0c952ad2d337b153807edcfef3","1718548f6eb9ae5fce15b543c4a2484b7d742ff9"
"1718548f6eb9ae5fce15b543c4a2484b7d742ff9","f675a5575db138e759f09e71806d1a913539ecd0"
"f675a5575db138e759f09e71806d1a913539ecd0","afef4edf2e982da814c3afd7970754a221aca111"
"afef4edf2e982da814c3afd7970754a221aca111","4750fbd71bddb2b7f7303bf7ec2ed877cf0a542e"
"4750fbd71bddb2b7f7303bf7ec2ed877cf0a542e","3f9ee24b530d21414fbc5eddc7c52f2d23fc89cb"
"3f9ee24b530d21414fbc5eddc7c52f2d23fc89cb","ee8b95409c3615785ca86aa47a52a2ab8e977943"
"ee8b95409c3615785ca86aa47a52a2ab8e977943","73805e4bf70fcae1eb53f8f478a85b3e437e9049"
"73805e4bf70fcae1eb53f8f478a85b3e437e9049","94aa75328ce3b79e17a463f9b60ac7559204f997"
"94aa75328ce3b79e17a463f9b60ac7559204f997","12de9c5e830fa32dd5eef74f35cfd4adda6e8d25"
"12de9c5e830fa32dd5eef74f35cfd4adda6e8d25","6f2645a233c71c8c8c65f2fbc6c3928c8e572e2d"
"6f2645a233c71c8c8c65f2fbc6c3928c8e572e2d","9ce2cc88edd35925d0e3a9be21970fabb2047231"
"9ce2cc88edd35925d0e3a9be21970fabb2047231","3f78dfccf1df264f2cd502f9edd1369e78b6ec14"
"3f78dfccf1df264f2cd502f9edd1369e78b6ec14","dd05077e8430e056dfcf351945a86fd068d14c62"
"dd05077e8430e056dfcf351945a86fd068d14c62","3f3fdbd95ac4f9915ccd98da7456145600e8e028"
"3f3fdbd95ac4f9915ccd98da7456145600e8e028","f11924da41056a5a8129e157695f64ca287353c8"
"f11924da41056a5a8129e157695f64ca287353c8","c32f18ede7873f4c5e16493456340ef9878830d9"
"c32f18ede7873f4c5e16493456340ef9878830d9","4ea04fd194649d48b217f91c260735f7d0852187"
"4ea04fd194649d48b217f91c260735f7d0852187","44cd5011948d1a576de2ddf4e69e385b88acf077"
"44cd5011948d1a576de2ddf4e69e385b88acf077","e07d6727fc273359b250110d8d476008d3e8a495"
"e07d6727fc273359b250110d8d476008d3e8a495","45b5adb62fd62d2aef10784f53ba03f2e1c2462c"
"45b5adb62fd62d2aef10784f53ba03f2e1c2462c","406e60882d800ccf9699c6ad8d75e5561734df7a"
"406e60882d800ccf9699c6ad8d75e5561734df7a","ee7962628204f30b51018aa5ec138b9fec8073a4"
"ee7962628204f30b51018aa5ec138b9fec8073a4","dc3442ce098cfce09a00f7ef6ec98c03ba8436a9"
"dc3442ce098cfce09a00f7ef6ec98c03ba8436a9","9414eb502d91c840471c82b89f9a642b367ea215"
"9414eb502d91c840471c82b89f9a642b367ea215","ddea81ea20defd94c6d0e32131c16dc14521f05a"
"ddea81ea20defd94c6d0e32131c16dc14521f05a","9d9a2e3928feed0a2b5752299e9055dd552eb21a"
"9d9a2e3928feed0a2b5752299e9055dd552eb21a","17b64db1b082b11397b122f43179de7e9ddf791c"
"17b64db1b082b11397b122f43179de7e9ddf791c","b1291e557114422970ef27eeb29df14b68713e10"
"b1291e557114422970ef27eeb29df14b68713e10","e003f34c73dbb7bdb3ccc8d15c6fcaaedd1f23dc"
"e003f34c73dbb7bdb3ccc8d15c6fcaaedd1f23dc","5e47d7323ec0b28bab94c1bb64611384fa5c9062"
"5e47d7323ec0b28bab94c1bb64611384fa5c9062","e6cad9a3e6d0da9ffa21440162348deaea48cda8"
"e6cad9a3e6d0da9ffa21440162348deaea48cda8","0ccaba54f146c0b2b3371d45c62e8bc03be64b6d"
"0ccaba54f146c0b2b3371d45c62e8bc03be64b6d","1926e58226518d3b11ea986aa940927aa0d082da"
"1926e58226518d3b11ea986aa940927aa0d082da","5293ac55bb9e5d53036fe73119b305d83e328a49"
"5293ac55bb9e5d53036fe73119b305d83e328a49","86a8f396c3e09da913ce27f90eaca9044b25271d"
"86a8f396c3e09da913ce27f90eaca9044b25271d","ed3a018b7df48f7019226d876fef9b4718a15d07"
"ed3a018b7df48f7019226d876fef9b4718a15d07","cd547e41a623cafd3d7c2918fbb43ff7bc93f642"
"cd547e41a623cafd3d7c2918fbb43ff7bc93f642","42e776f2740129e3e19bac77c919113cad0f9992"
"42e776f2740129e3e19bac77c919113cad0f9992","8ce2bef08477279a25cf357bf7ce4d325b0aab97"
"8ce2bef08477279a25cf357bf7ce4d325b0aab97","b0064c3da245c3ccd0e4b0e15c9d6829b2ab2d25"
"b0064c3da245c3ccd0e4b0e15c9d6829b2ab2d25","6906ad530616d110983d853ce0fbefb922774ac5"
"6906ad530616d110983d853ce0fbefb922774ac5","95f07d18ba24b36c114ecdc1d7274971ad490172"
"95f07d18ba24b36c114ecdc1d7274971ad490172","f490a68d7dd630d2368af4198229600c6d3ad745"
"f490a68d7dd630d2368af4198229600c6d3ad745","1d45e4dc4b8c7c1759375ffadd4ac742cae97efb"
"1d45e4dc4b8c7c1759375ffadd4ac742cae97efb","b4913b5138de5eefdad4ab26192060d22a8067ac"
"b4913b5138de5eefdad4ab26192060d22a8067ac","24d005475621588014eb1d7676def6dd62ee0e96"
"24d005475621588014eb1d7676def6dd62ee0e96","d88ff2aeb8fd012186820150a8a1d60730721832"
"d88ff2aeb8fd012186820150a8a1d60730721832","a692b2b44787b1ef33e45ba3a59c73a4bec7a706"
"a692b2b44787b1ef33e45ba3a59c73a4bec7a706","c360f7cc0a1cc1bb197c0cafd8ec6c7448d02d44"
"c360f7cc0a1cc1bb197c0cafd8ec6c7448d02d44","6b291eb66b699aa40807a1e5af39e490778b3b1e"
"6b291eb66b699aa40807a1e5af39e490778b3b1e","d8daf70d9a5b8ee6461edebfb2bf55bf7a14aaba"
"d8daf70d9a5b8ee6461edebfb2bf55bf7a14aaba","80f6c89a2c66ba0fefbd112cc53d3bbabd5bc89f"
"80f6c89a2c66ba0fefbd112cc53d3bbabd5bc89f","fae4379c1e52a71d8a7e8cb552cca64299d253b4"
"fae4379c1e52a71d8a7e8cb552cca64299d253b4","c9bb8384fd0ccc33dafe775487e045a865f34921"
"c9bb8384fd0ccc33dafe775487e045a865f34921","2f6ece824b4c86810030be0f5ec47d2f9e4551a4"
"2f6ece824b4c86810030be0f5ec47d2f9e4551a4","e0350492ded22d8dbd381d2c33c4967d5e4d40ff"
"e0350492ded22d8dbd381d2c33c4967d5e4d40ff","1f00d1bd35d30cc89bbfbae1de6fa50bb659a55e"
"1f00d1bd35d30cc89bbfbae1de6fa50bb659a55e","bbab4f48d1c5130eb5599a4d1bf99a8891ab7c8f"
"bbab4f48d1c5130eb5599a4d1bf99a8891ab7c8f","c4502c147864aa3ce8e38caff47fd07c44445af6"
"c4502c147864aa3ce8e38caff47fd07c44445af6","e8dc98b1a2f68f8af79ae36d7afdeaee0be0e33a"
"e8dc98b1a2f68f8af79ae36d7afdeaee0be0e33a","d1a2fb52d0c7cefbb3267601dac00a33c781588d"
"d1a2fb52d0c7cefbb3267601dac00a33c781588d","06cc92bbc0f6d1b5c81f0a7c1cb3be46c98b4690"
"06cc92bbc0f6d1b5c81f0a7c1cb3be46c98b4690","ca7e4f06a51edc62c49ab4954e48abdcd9056a3c"
"ca7e4f06a51edc62c49ab4954e48abdcd9056a3c","2ba29e14f1e6975620b0db25eaa98c3f3b6a84c7"
"2ba29e14f1e6975620b0db25eaa98c3f3b6a84c7","2e80ad95d014e3d5b31e2b4d83a62c20ddbaf616"
"2e80ad95d014e3d5b31e2b4d83a62c20ddbaf616","458b37b80ed04e8de2df7b8a989ead78bcf918e0"
"458b37b80ed04e8de2df7b8a989ead78bcf918e0","e526dc1ad645781ac5d1cfb06d0dea15653b3f03"
"e526dc1ad645781ac5d1cfb06d0dea15653b3f03","54dc47f89addc7b68f46b04df5193091ead0bdd7"
"54dc47f89addc7b68f46b04df5193091ead0bdd7","3cd936344ea8bdf72d90f05f6e142ff48ce05e68"
"3cd936344ea8bdf72d90f05f6e142ff48ce05e68","e366d2140e351fa0f63f582dfd1a55ef31cb71b6"
"e366d2140e351fa0f63f582dfd1a55ef31cb71b6","c1ba6bf0eced03e015fd44a40636e288d948c123"
"c1ba6bf0eced03e015fd44a40636e288d948c123","da17ae26f336321a422d06d576c6512033310786"
"da17ae26f336321a422d06d576c6512033310786","1835b403428e86e7d06e9cab6f9d4bf230ff3c6f"
"1835b403428e86e7d06e9cab6f9d4bf230ff3c6f","c8cd302fec221fd3f084f5c4cccd09c2717f7818"
"c8cd302fec221fd3f084f5c4cccd09c2717f7818","1215da2282a1f6d674400cfe8e8742e2c5f2ab39"
"1215da2282a1f6d674400cfe8e8742e2c5f2ab39","1a83a3a983e758f24bf97fa71c78c06f7e9cd60f"
"1a83a3a983e758f24bf97fa71c78c06f7e9cd60f","928d7a8b0bd42859f2c38f6da53a8454dcf97a66"
"928d7a8b0bd42859f2c38f6da53a8454dcf97a66","9d77268f9bb1d42c9bcc3ac1a8af7c9c80b4328f"
"9d77268f9bb1d42c9bcc3ac1a8af7c9c80b4328f","6815d7de952ff34ae889862daaf17d6103a3afae"
"6815d7de952ff34ae889862daaf17d6103a3afae","947b954bd9d8ddfbfb51e954ce689f600546fb2c"
"947b954bd9d8ddfbfb51e954ce689f600546fb2c","a306ae9acdf6f269bc5cdefb33294f60590a2791"
"a306ae9acdf6f269bc5cdefb33294f60590a2791","f29ed5fc0b0abed3c04afc04154ee0af075c63e0"
"f29ed5fc0b0abed3c04afc04154ee0af075c63e0","7b236e30544123a0a79a63a52d14afd557832cd6"
"7b236e30544123a0a79a63a52d14afd557832cd6","e0f5c862b6fae8470bb675bfffddc5e7ed0791cc"
"e0f5c862b6fae8470bb675bfffddc5e7ed0791cc","5084f6e956fbe0e77e1b207c22c59399efce9840"
"5084f6e956fbe0e77e1b207c22c59399efce9840","db1fec20584d16444c6f8f743c165b82453775c8"
"db1fec20584d16444c6f8f743c165b82453775c8","be98b3d9c7bb97a5d6c0fb6af541e18beaaa9885"
"be98b3d9c7bb97a5d6c0fb6af541e18beaaa9885","16062cb69f65e43eb1227e4ee4a926a8ef219487"
"16062cb69f65e43eb1227e4ee4a926a8ef219487","3aaeb63315304f3627775ee18e5676537e9c3d89"
"3aaeb63315304f3627775ee18e5676537e9c3d89","f886de12309badd31e3298e7e33f94c8ffa2425d"
"f886de12309badd31e3298e7e33f94c8ffa2425d","9fdf21af247f1b5e29feccf1a8eb28f5eb0ec1a2"
"9fdf21af247f1b5e29feccf1a8eb28f5eb0ec1a2","c7677bccf55ec2f6323e74213fb51c5a38fbe01d"
"c7677bccf55ec2f6323e74213fb51c5a38fbe01d","7c65f1f0913000e160121e495e76eea3958fbd1e"
"7c65f1f0913000e160121e495e76eea3958fbd1e","3c89e5d3771aac0f348097a10a9db62d734ccb5c"
"3c89e5d3771aac0f348097a10a9db62d734ccb5c","7f70524a53470f7a3573330cd2068a2486a11fd0"
"7f70524a53470f7a3573330cd2068a2486a11fd0","d2c47a78f4579b1eb25a3417a3a8902521263994"
"d2c47a78f4579b1eb25a3417a3a8902521263994","c0228361d63b7d87a2a34c893913e3662e93636f"
"c0228361d63b7d87a2a34c893913e3662e93636f","0babb2c0abe0edaedf6cf960cbde74014b61e667"
"0babb2c0abe0edaedf6cf960cbde74014b61e667","488620eb0ee7d9df233473fbdb072e32340d3683"
"488620eb0ee7d9df233473fbdb072e32340d3683","a76c73ff00723b0c52b04501235a24ce56e871ed"
"a76c73ff00723b0c52b04501235a24ce56e871ed","f1bb2b1d7611464873ebd30eea6ea7fa3983e0f3"
"f1bb2b1d7611464873ebd30eea6ea7fa3983e0f3","0ea93a16e36d94b4f25ed561d0ed49f7a1274ef9"
"0ea93a16e36d94b4f25ed561d0ed49f7a1274ef9","951e1189f63bd398c9c0c8d0b192136c679619cd"
"951e1189f63bd398c9c0c8d0b192136c679619cd","36345bf183897ab3294e706bd9297ad1e5c76476"
"36345bf183897ab3294e706bd9297ad1e5c76476","8c3339906ef8a6349e7efed60923097e5fcbe425"
"8c3339906ef8a6349e7efed60923097e5fcbe425","6a8d42197ad31c680949c0f8dbeeb041f91bf36b"
"6a8d42197ad31c680949c0f8dbeeb041f91bf36b","bab2c95a40f05a026ade75a52182df1ddddbab79"
"bab2c95a40f05a026ade75a52182df1ddddbab79","cba23c340b62b7cb549dce858219767ed4ce2abb"
"cba23c340b62b7cb549dce858219767ed4ce2abb","5188c18863c8b2c79ee49ede3e884da5d7304ac5"
"5188c18863c8b2c79ee49ede3e884da5d7304ac5","fce63140e55b9f7d94a75d26069371863c603425"
"fce63140e55b9f7d94a75d26069371863c603425","6ab007fd9a3982d9347c16330846d3f7d2671884"
"6ab007fd9a3982d9347c16330846d3f7d2671884","9bd3f87c0405cb3ecb32b0ec9780185d026d67e5"
"9bd3f87c0405cb3ecb32b0ec9780185d026d67e5","f3c3e42c3426f9ae7abeab86c5920a7cfe3916b2"
"f3c3e42c3426f9ae7abeab86c5920a7cfe3916b2","7dff5e8d541fcc9c0024623672e828fef1bcec21"
"7dff5e8d541fcc9c0024623672e828fef1bcec21","5503c34aa1af482db77033f4b8b61798d6cd4809"
"5503c34aa1af482db77033f4b8b61798d6cd4809","79c6471e843a9112f8244a0b7eddff42e973169a"
"79c6471e843a9112f8244a0b7eddff42e973169a","73b819820255c979d454ca039380aa9dcaed1583"
"73b819820255c979d454ca039380aa9dcaed1583","25462196771e2c5993718b981190f2eb642345c1"
"25462196771e2c5993718b981190f2eb642345c1","cf845fe1c592b2bd1f0b75c4d5f8d3a9f739ef60"
"cf845fe1c592b2bd1f0b75c4d5f8d3a9f739ef60","6371bac4f2b67b5f1de59f4c7dece0b18faca8cc"
"6371bac4f2b67b5f1de59f4c7dece0b18faca8cc","2770c3dadad5a6027f75c56338d50bf07ee8d4ca"
"2770c3dadad5a6027f75c56338d50bf07ee8d4ca","8afb6f4a3c19d67927e39e023bf4c8c5d6b65a01"
"8afb6f4a3c19d67927e39e023bf4c8c5d6b65a01","3869e29ff221b586580a1e6a30e2ed0c36aac53b"
"3869e29ff221b586580a1e6a30e2ed0c36aac53b","c6c1a966b746881a22732ac93dbddf90be101ac3"
"c6c1a966b746881a22732ac93dbddf90be101ac3","4b4a57b4928c5a04e232a19bfe0eaa497bf81220"
"4b4a57b4928c5a04e232a19bfe0eaa497bf81220","a96904f137ff72fc94134c6e05f4891a1483c3ba"
"a96904f137ff72fc94134c6e05f4891a1483c3ba","95706c8470e1d5909a83786863104dfa6b8acfa9"
"95706c8470e1d5909a83786863104dfa6b8acfa9","17c94cd9144f7b6804b0136fec80e09117abaa01"
"17c94cd9144f7b6804b0136fec80e09117abaa01","eac1103f2e630eec5ae947c1b2fb16fd1ba06e81"
"eac1103f2e630eec5ae947c1b2fb16fd1ba06e81","74278e178cc14e1b6bb2986da2c972462a422fe3"
"74278e178cc14e1b6bb2986da2c972462a422fe3","06fdee274958c57f6550da0cc6a9dba71d27d3bc"
"06fdee274958c57f6550da0cc6a9dba71d27d3bc","dd0b6e8c767d7c0bc74b989842221209604ec5a9"
"dd0b6e8c767d7c0bc74b989842221209604ec5a9","05df617dc2c1656b0db2dc5f24f2bde0eb4c2c8c"
"05df617dc2c1656b0db2dc5f24f2bde0eb4c2c8c","a212bc8d8c5737a46deafb098e273937d77477b9"
"a212bc8d8c5737a46deafb098e273937d77477b9","b413b1ee8630150979d293e60bcfa98103c19af8"
"b413b1ee8630150979d293e60bcfa98103c19af8","f7ece7c029a1cbfe7adda74bbdbe2210f0863eaf"
"f7ece7c029a1cbfe7adda74bbdbe2210f0863eaf","6b6047a5290f6aadc9f6866adada00d745b111d8"
"6b6047a5290f6aadc9f6866adada00d745b111d8","58659eb6f68224261ad11e58b11c17e47fea81a2"
"58659eb6f68224261ad11e58b11c17e47fea81a2","aa1aef49c2dbad4004c7b39d6d5da7fb77fe9043"
"aa1aef49c2dbad4004c7b39d6d5da7fb77fe9043","91a87a044edb7e7e3455386ecd1f86b7e4d82a9b"
"91a87a044edb7e7e3455386ecd1f86b7e4d82a9b","e1290aaefc3f43557fe2d5357cb330aeeae57f89"
"e1290aaefc3f43557fe2d5357cb330aeeae57f89","abf6855dc28a5397d8cb62cdae5593f4489cf2c3"
"abf6855dc28a5397d8cb62cdae5593f4489cf2c3","9a79436abeb6df2ea6e61d596700feaee0534cd5"
"9a79436abeb6df2ea6e61d596700feaee0534cd5","e5625792f598faf728423008bcdf5de8d860b4ba"
"e5625792f598faf728423008bcdf5de8d860b4ba","5e06e191ff990ad2aa8e31b9305f9236a1035d43"
"5e06e191ff990ad2aa8e31b9305f9236a1035d43","9f2c187e2136e95ead311ba9042fd8912a9657ea"
"9f2c187e2136e95ead311ba9042fd8912a9657ea","1dad1e9f8006f4f0fb64d4b56ac851ea7dedd4a6"
"1dad1e9f8006f4f0fb64d4b56ac851ea7dedd4a6","eff7947ca58aa69aa584764281339b17291439c0"
"eff7947ca58aa69aa584764281339b17291439c0","2ca857063acce10b883d3095e2b4aa55cef50182"
"2ca857063acce10b883d3095e2b4aa55cef50182","d0f7015c0d027c40cbeca9603723dfb0810427c6"
"d0f7015c0d027c40cbeca9603723dfb0810427c6","6c1c525e450363185d7bf5949ebd92a7d99aedcb"
"6c1c525e450363185d7bf5949ebd92a7d99aedcb","d23140cdb3a99c83751717284382417be41fa0c4"
"d23140cdb3a99c83751717284382417be41fa0c4","6c6f249f20cac16ff2210fef28c3927d4a838f7e"
"6c6f249f20cac16ff2210fef28c3927d4a838f7e","51af99a5f69e6fddb870bd0c1192f808bb39c333"
"51af99a5f69e6fddb870bd0c1192f808bb39c333","9679d0e22d96103ffb76fa3e0f1366f4f849ac7c"
"9679d0e22d96103ffb76fa3e0f1366f4f849ac7c","afaee424bb0e91e419035de28973df6e514dda2b"
"afaee424bb0e91e419035de28973df6e514dda2b","4eda1daf29a9e099b1e30555bad08501d6e2b83e"
"4eda1daf29a9e099b1e30555bad08501d6e2b83e","0a9307b239bcdfb9529c99d8d8597b96a42358dd"
"0a9307b239bcdfb9529c99d8d8597b96a42358dd","41e3b84d14bbbe2bb5fd89c37c99a988609922e9"
"41e3b84d14bbbe2bb5fd89c37c99a988609922e9","162b7ca5d2c15388be30bd7eff40d69813628f87"
"162b7ca5d2c15388be30bd7eff40d69813628f87","6572a0cd9d66b564e0dcff70b4294821250efbf2"
"6572a0cd9d66b564e0dcff70b4294821250efbf2","dcbff626e31ed90a2a025b5ebd5e694fd83f73c9"
"dcbff626e31ed90a2a025b5ebd5e694fd83f73c9","1a4a949c1a9881869547ae0c66b5acada0d4c316"
"1a4a949c1a9881869547ae0c66b5acada0d4c316","12f191c6ed51027d03ad2c0e22d19e3323f6142a"
"12f191c6ed51027d03ad2c0e22d19e3323f6142a","1f02e0092694fffdd4fff078be9c62130394c073"
"1f02e0092694fffdd4fff078be9c62130394c073","482f5f00a856c4ddd2315c3d1f4ae1d4a2a46c7d"
"482f5f00a856c4ddd2315c3d1f4ae1d4a2a46c7d","8e9c76eba57f6b01530865f36144e1433b0d10a6"
"8e9c76eba57f6b01530865f36144e1433b0d10a6","eca9c7025e305226e4fee91172ae641942d9104f"
"eca9c7025e305226e4fee91172ae641942d9104f","cca6a20309237b08ff9607ba872485f8d8cae9ac"
"cca6a20309237b08ff9607ba872485f8d8cae9ac","4aa141125bbc12cc08778a368980e5ecc46b6a89"
"4aa141125bbc12cc08778a368980e5ecc46b6a89","905a2ff449e823c2f6fd147e9721037b14df8a6f"
"905a2ff449e823c2f6fd147e9721037b14df8a6f","90242f646f5678bbfccd672141d2dd71f0177902"
"90242f646f5678bbfccd672141d2dd71f0177902","91c181a5e3d898648e7e7dabb8162481c616e9ea"
"91c181a5e3d898648e7e7dabb8162481c616e9ea","09fc30d7f1aa1be2ecf4d66af3e51bf5ad7ed484"
"09fc30d7f1aa1be2ecf4d66af3e51bf5ad7ed484","36a436326cac89826068c7c0026b8c2d32aefadf"
"36a436326cac89826068c7c0026b8c2d32aefadf","7ddcf8a580953c1985ab67589671fceaac7ccbb8"
"7ddcf8a580953c1985ab67589671fceaac7ccbb8","a53ffe65985d3d84333433cd9b330004412b3dcd"
"a53ffe65985d3d84333433cd9b330004412b3dcd","9bae2d8a705833c06ba43980ceaad320fd5f3918"
"9bae2d8a705833c06ba43980ceaad320fd5f3918","bbfad48e5bd208c5f5b5ad85510fe91b312db31c"
"bbfad48e5bd208c5f5b5ad85510fe91b312db31c","7d1288fad3eb5e653240af68d3e352c71ff659c8"
"7d1288fad3eb5e653240af68d3e352c71ff659c8","3e469588a2e36df4f6d8ce330cac631389ea54c2"
"3e469588a2e36df4f6d8ce330cac631389ea54c2","ceaab4a21374f02cfcbdeb79ddd7aa988f2ae97a"
"ceaab4a21374f02cfcbdeb79ddd7aa988f2ae97a","242b4413d71c6e579ae3470105fa57cee0840453"
"242b4413d71c6e579ae3470105fa57cee0840453","d8fcf0ab1fca5aff58c797d6e85917d21a2f5cc1"
"d8fcf0ab1fca5aff58c797d6e85917d21a2f5cc1","7efb9f16bc24dd588d50dfe323184c837e89ef6a"
"7efb9f16bc24dd588d50dfe323184c837e89ef6a","e8d47093e82547aca59d1fe3be608f710605ff8f"
"e8d47093e82547aca59d1fe3be608f710605ff8f","623cf7d2fad5a6d47e3003291bade2edefd43e15"
"623cf7d2fad5a6d47e3003291bade2edefd43e15","7425710169a89391139c542e3e1f3b97732b1892"
"7425710169a89391139c542e3e1f3b97732b1892","780e630fde2606f15a7da7564c5d0b25f700c62d"
"780e630fde2606f15a7da7564c5d0b25f700c62d","fa0b55e97d163b4b42eaf8cf711c3c0230e2b5a1"
"fa0b55e97d163b4b42eaf8cf711c3c0230e2b5a1","263508e9fb54074f2ebf5ad3a3d4d9007ed5fd04"
"263508e9fb54074f2ebf5ad3a3d4d9007ed5fd04","85bc2f3b5b67fbb1b2115514391ffba8fe51ced8"
"85bc2f3b5b67fbb1b2115514391ffba8fe51ced8","155c796077fef60b62be35f7795e55c5f9055cc1"
"155c796077fef60b62be35f7795e55c5f9055cc1","31fd71ba309de377cfaa1606cd6257a37d25549d"
"31fd71ba309de377cfaa1606cd6257a37d25549d","6f8bdd27d686205646032686e6167d9ddcf90cbf"
"6f8bdd27d686205646032686e6167d9ddcf90cbf","6b6aa9e81002edf6418830b440daea59936e491c"
"6b6aa9e81002edf6418830b440daea59936e491c","814f3b388555816ad3c0df63d92ab1a2c3f5036f"
"814f3b388555816ad3c0df63d92ab1a2c3f5036f","40eace73c1102477c4bb7b86a5e9843c230ebf11"
"40eace73c1102477c4bb7b86a5e9843c230ebf11","3c9e39175c0d9a1d8ab0031fafbc20dabf66db8c"
"3c9e39175c0d9a1d8ab0031fafbc20dabf66db8c","69ab3f150aee12b699b55a558a5a37fde5ddf3e3"
"69ab3f150aee12b699b55a558a5a37fde5ddf3e3","fda3cb081a5cf4c5b11aee56b727eaa02566c05d"
"fda3cb081a5cf4c5b11aee56b727eaa02566c05d","9bdfcb146c8ad70a152f5f7a68a9c4d0168e9ad6"
"9bdfcb146c8ad70a152f5f7a68a9c4d0168e9ad6","f495e6706f9490ad1827be728c43ebc0197efc1e"
"f495e6706f9490ad1827be728c43ebc0197efc1e","491273be37f31a6bfdb810b14472897e3776c5da"
"491273be37f31a6bfdb810b14472897e3776c5da","8d14938757b0a13bbbea9e9cef86ef5cae69ac46"
"8d14938757b0a13bbbea9e9cef86ef5cae69ac46","0c1fa5a92295546874011392a48caace0fb07f5b"
"0c1fa5a92295546874011392a48caace0fb07f5b","15abed0f015ef1479d33e06c194e0aa66d949728"
"15abed0f015ef1479d33e06c194e0aa66d949728","84fde6bf296f06c3c296fcad5618b60bc6dec3df"
"84fde6bf296f06c3c296fcad5618b60bc6dec3df","e8dedbda434b73c2b59a5c1fc872fc70cd250d9f"
"e8dedbda434b73c2b59a5c1fc872fc70cd250d9f","7b5e052ca3964dccad1aabe7c147f9191122aa0f"
"7b5e052ca3964dccad1aabe7c147f9191122aa0f","759dbcc78e185bf66322b0a9c85d03e87712e6cb"
"759dbcc78e185bf66322b0a9c85d03e87712e6cb","cd317d41e484a862c890822fb3b001a299cf515a"
"cd317d41e484a862c890822fb3b001a299cf515a","0d3b4124053516197e3080a0cca2e161ecb8b966"
"0d3b4124053516197e3080a0cca2e161ecb8b966","cc4107c4e63d90e934c384caa9ad28c5f22df9c6"
"cc4107c4e63d90e934c384caa9ad28c5f22df9c6","e41aac2c89776e3f2acbc1b269869dd44ea3ef34"
"e41aac2c89776e3f2acbc1b269869dd44ea3ef34","3b779b89691b26a142f0c909134495bf004a2cde"
"3b779b89691b26a142f0c909134495bf004a2cde","2072a710582a0ab0b6360ac37aafca76a1c0ee61"
"2072a710582a0ab0b6360ac37aafca76a1c0ee61","fd225f687ac93884d07265cf645de6e4efd3cbe7"
"fd225f687ac93884d07265cf645de6e4efd3cbe7","01c315f4661d192a6a0ea9e65f0ff504a99d9a4e"
"01c315f4661d192a6a0ea9e65f0ff504a99d9a4e","f1ec4cbc404abef88496587e98324ab134a5419f"
"f1ec4cbc404abef88496587e98324ab134a5419f","7da8247e67954a909c6251cb0be39b662cb8763c"
"7da8247e67954a909c6251cb0be39b662cb8763c","77066b6618e884e8d3287a1000544ddc75144f51"
"77066b6618e884e8d3287a1000544ddc75144f51","9ca25a6f29a7d6e269871935fc0966d6c5913cdd"
"9ca25a6f29a7d6e269871935fc0966d6c5913cdd","27b2dba23b6bde9936ce419c52e6ddcfecd098e5"
"27b2dba23b6bde9936ce419c52e6ddcfecd098e5","ae4699f9f56f0d5624507d3e92e3bb4b45917a20"
"ae4699f9f56f0d5624507d3e92e3bb4b45917a20","8c67322a59bdd8f3f27a8510498930f09a344aba"
"8c67322a59bdd8f3f27a8510498930f09a344aba","b8246a9917b6b14a20894809d67c504b836b09fd"
"b8246a9917b6b14a20894809d67c504b836b09fd","5477874abab82c49518a5163812b310ed48af647"
"5477874abab82c49518a5163812b310ed48af647","823d76961cf458d58df74c1e21286e7f63840ca3"
"823d76961cf458d58df74c1e21286e7f63840ca3","de09f985ecdd61917933a9cc08c89fc90e18182b"
"de09f985ecdd61917933a9cc08c89fc90e18182b","f48ea2ca72c95a52eda448f1ce28ed99b845a99d"
"f48ea2ca72c95a52eda448f1ce28ed99b845a99d","c694b7ef242e2ed6ace7b830edbbea03c2c98932"
"c694b7ef242e2ed6ace7b830edbbea03c2c98932","610487c3d44791a0efa3d678c0fd68b1182e617f"
"610487c3d44791a0efa3d678c0fd68b1182e617f","3867cdd91a18186fd12a3f96ec46a1d7849b0548"
"3867cdd91a18186fd12a3f96ec46a1d7849b0548","8c122422f1040e9ba8c002a56b79f096ed9b66bf"
"8c122422f1040e9ba8c002a56b79f096ed9b66bf","9c4f7e36aff0d9d6c1fbe4f77cd6b5e486daa82d"
"9c4f7e36aff0d9d6c1fbe4f77cd6b5e486daa82d","b9f4ab81cf1364eb6ad761b3ef21788afeca9365"
"b9f4ab81cf1364eb6ad761b3ef21788afeca9365","0215e37850eadc2aa1b43e6b132b3306483d226f"
"0215e37850eadc2aa1b43e6b132b3306483d226f","5af69e7f81877a465d10718450c3dfa65891cdab"
"5af69e7f81877a465d10718450c3dfa65891cdab","88d776e81b17db586a5f14643383e8b3246b9699"
"88d776e81b17db586a5f14643383e8b3246b9699","b226b33398d4b3eeea3b4ca4695e0905b41ec818"
"b226b33398d4b3eeea3b4ca4695e0905b41ec818","5c29c96cd7fd11adc4763c244c592158ee876dd4"
"5c29c96cd7fd11adc4763c244c592158ee876dd4","9e37d755c5ed95e522c5cd8d429a0e7c7c7689ad"
"9e37d755c5ed95e522c5cd8d429a0e7c7c7689ad","930bc6fe9d39a5cf53e4ee2836441ab15b538365"
"930bc6fe9d39a5cf53e4ee2836441ab15b538365","6669e4d41b7c3e69c7597fb7be2c5e05e9b03df7"
"6669e4d41b7c3e69c7597fb7be2c5e05e9b03df7","1be535fd142bfae82280845ef9cc361b8b5a99f3"
"1be535fd142bfae82280845ef9cc361b8b5a99f3","f1bdd94704018792be0e3e10841ad20cbbb06b2a"
"f1bdd94704018792be0e3e10841ad20cbbb06b2a","509da1bca7f5b363574279c9f0633c24b4ae5faa"
"509da1bca7f5b363574279c9f0633c24b4ae5faa","885c781dd1b0b8a69ae143b2b5300d0e53bca0f4"
"885c781dd1b0b8a69ae143b2b5300d0e53bca0f4","1c8d25a1cf1741d781bef4600028dad93c1761a8"
"1c8d25a1cf1741d781bef4600028dad93c1761a8","e8b16f739e3df30290bc1c2dcfb45ea157d6e960"
"e8b16f739e3df30290bc1c2dcfb45ea157d6e960","cbe120783b3b2c25d066cc9195e755e955093978"
"cbe120783b3b2c25d066cc9195e755e955093978","0e39eafb374e98ce499fde613d5c604e177272a9"
"0e39eafb374e98ce499fde613d5c604e177272a9","739fd337842e07421c2d11754940a71a16f519c2"
"739fd337842e07421c2d11754940a71a16f519c2","91103eb241ba46a8534c7ce41bec312131af584a"
"91103eb241ba46a8534c7ce41bec312131af584a","4eeb73ab4664c80da269ac6ddbda7e15ac8ac42c"
"4eeb73ab4664c80da269ac6ddbda7e15ac8ac42c","933f8bfe86857e33365200ce6f0fc3b7c0517f8c"
"933f8bfe86857e33365200ce6f0fc3b7c0517f8c","aa8aec8077e8055ff2174091ab6b0ea8e63b4817"
"aa8aec8077e8055ff2174091ab6b0ea8e63b4817","8e5887a5320946a262a036d46bb0d736436035a1"
"8e5887a5320946a262a036d46bb0d736436035a1","51381075077d0d0914b4b668e12a498fed4e433c"
"51381075077d0d0914b4b668e12a498fed4e433c","c7f4abb89fb10ec84085aa9760d52dc23225c1dd"
"c7f4abb89fb10ec84085aa9760d52dc23225c1dd","1d0d8f164caed6699d985193503434f703c65c24"
"1d0d8f164caed6699d985193503434f703c65c24","cf92c21e8bb3b8e74c6863f17d6de8fbffdf3977"
"cf92c21e8bb3b8e74c6863f17d6de8fbffdf3977","2df1c2bac1cb886dce38d64e0b3a80d603e8dc51"
"2df1c2bac1cb886dce38d64e0b3a80d603e8dc51","cca9b388b075776bb43412946ccbda2b63314bc6"
"cca9b388b075776bb43412946ccbda2b63314bc6","0e9ee819cbc9e9831d61882db5057cbbba4b5083"
"0e9ee819cbc9e9831d61882db5057cbbba4b5083","151fcf9d067d554281d676d16b67c9ed0d7bee1c"
"151fcf9d067d554281d676d16b67c9ed0d7bee1c","723335377cc70cc3a7f9c9ec5bf6890e07695b0f"
"723335377cc70cc3a7f9c9ec5bf6890e07695b0f","9f8e004421437fdd7f43a226b2d2745e5b3e312d"
"9f8e004421437fdd7f43a226b2d2745e5b3e312d","1c1e26aec4ec4c98caf6282a4004e93ddacc461a"
"1c1e26aec4ec4c98caf6282a4004e93ddacc461a","2f2cbb8ddefac640968c7f3ee53896911f7c3b12"
"2f2cbb8ddefac640968c7f3ee53896911f7c3b12","004c7081ee0ab57946511ea15836af39de14b2ad"
"004c7081ee0ab57946511ea15836af39de14b2ad","6c30d483ca23434f8eae23dc66a9a87f3b277edc"
"6c30d483ca23434f8eae23dc66a9a87f3b277edc","1a0e0d7f214a8b40bf02bb99de4793a7d007876b"
"1a0e0d7f214a8b40bf02bb99de4793a7d007876b","62d3d1b1273f15edbf5ba343e092715c0319866a"
"62d3d1b1273f15edbf5ba343e092715c0319866a","a78062e26d6fe5b76fedd1c811adff080eb544d4"
"a78062e26d6fe5b76fedd1c811adff080eb544d4","50dcbe3fca8230c2450827c906bc68faba4cb4ec"
"50dcbe3fca8230c2450827c906bc68faba4cb4ec","2e3251c483be50402ac791a9c653c2fbbb1ecb0c"
"2e3251c483be50402ac791a9c653c2fbbb1ecb0c","edf490bd6b1c8163ea7fc2acccf32e4c43d5dca0"
"edf490bd6b1c8163ea7fc2acccf32e4c43d5dca0","d0797f4d652941ffdb8ea70fefd1f1e5e6403312"
"d0797f4d652941ffdb8ea70fefd1f1e5e6403312","54c2775bf2c8b67c8d24840424c13968255caea7"
"54c2775bf2c8b67c8d24840424c13968255caea7","d5bef71fecfbd470d434c930172f8ce3877d952e"
"d5bef71fecfbd470d434c930172f8ce3877d952e","fcdac57b1918fb500d10f21bba7a02b8a8b597a1"
"fcdac57b1918fb500d10f21bba7a02b8a8b597a1","4e3412c52a292f53df96eac0b89ec61a64c5a9aa"
"4e3412c52a292f53df96eac0b89ec61a64c5a9aa","895f75af226ae6eb459d58a6146e97f2c7f47c0e"
"895f75af226ae6eb459d58a6146e97f2c7f47c0e","cbd88e93ac83c5b6515c94c7984893a9e0cfec77"
"cbd88e93ac83c5b6515c94c7984893a9e0cfec77","a8f3896ca5fc5fb42ad098af2f399f0945c8ec69"
"a8f3896ca5fc5fb42ad098af2f399f0945c8ec69","298081109b4ba4c133b8703a602c9fb47e20f8e6"
"298081109b4ba4c133b8703a602c9fb47e20f8e6","5e069e8d158673257a7585571d577604a8aa305c"
"5e069e8d158673257a7585571d577604a8aa305c","3ecbb5c89ed5ba05bef9a0fbcf17be353249d558"
"3ecbb5c89ed5ba05bef9a0fbcf17be353249d558","d82c9258c6a7579b8f2bad070aace8e3ae4d6f3c"
"d82c9258c6a7579b8f2bad070aace8e3ae4d6f3c","6eddb049792a67c2466cd2e15b0a3cf1d9657c5f"
"6eddb049792a67c2466cd2e15b0a3cf1d9657c5f","d73039f6ab1491b86b00de3561922919ad1ef8bb"
"d73039f6ab1491b86b00de3561922919ad1ef8bb","e30c8f5e9a3eb91bde2aeb96cff6a6bb87832c16"
"e30c8f5e9a3eb91bde2aeb96cff6a6bb87832c16","b47c196d978ef38b39d7c345b93f8e8c3b08592b"
"b47c196d978ef38b39d7c345b93f8e8c3b08592b","52d8da42119b4d630eac55876fce30d3ce5453a2"
"52d8da42119b4d630eac55876fce30d3ce5453a2","3e53a74ab69c91e72693725ae24d5f0d9bb8955c"
"3e53a74ab69c91e72693725ae24d5f0d9bb8955c","43aa2da7ba65eb76a8007a8aa3cdfab278b93341"
"43aa2da7ba65eb76a8007a8aa3cdfab278b93341","34a433b5ad5bc358c1c2fa93c5e7457e79017d57"
"34a433b5ad5bc358c1c2fa93c5e7457e79017d57","018e8498162ce9a05003d3412b753f6ba0a0ec92"
"018e8498162ce9a05003d3412b753f6ba0a0ec92","f95b9d4bcf4c2b1b1c9e3b6ce2ef07ad11f2b57b"
"f95b9d4bcf4c2b1b1c9e3b6ce2ef07ad11f2b57b","22adbca34094d90868dc4c375914bbfa22bf1511"
"22adbca34094d90868dc4c375914bbfa22bf1511","5fc8c5a2be317135a030cc9c3af42ec05be12d69"
"5fc8c5a2be317135a030cc9c3af42ec05be12d69","9cb7446c0fc9108c829436e9b3f5303ccd0c5d67"
"9cb7446c0fc9108c829436e9b3f5303ccd0c5d67","ec1f948fe9cd84dc86c73179c69f715d13b9d00c"
"ec1f948fe9cd84dc86c73179c69f715d13b9d00c","4a5393436678f44d4d20040feb4006d14e3909a2"
"4a5393436678f44d4d20040feb4006d14e3909a2","8a52aa4d782293f92ee0ee630943fa3329db6d49"
"8a52aa4d782293f92ee0ee630943fa3329db6d49","f1a8bc13410c38821685f0ee79ec2b5d4969e7a3"
"f1a8bc13410c38821685f0ee79ec2b5d4969e7a3","084d0ce8d13cc8255c73c7621a629abac672fb26"
"084d0ce8d13cc8255c73c7621a629abac672fb26","4b8ddb3cacee4c1a95615d7d3a51cdbb1d4652ac"
"4b8ddb3cacee4c1a95615d7d3a51cdbb1d4652ac","629fbaba72941e40f4f0bdcc3196744cc085d631"
"629fbaba72941e40f4f0bdcc3196744cc085d631","df5b4b813ec23e79b2b6184b300709f7436b7a1b"
"df5b4b813ec23e79b2b6184b300709f7436b7a1b","e61383405cdc62991330584ac50da89482425267"
"e61383405cdc62991330584ac50da89482425267","90e21ac3cc38f9c8157595ca4daaa44ce2f80516"
"90e21ac3cc38f9c8157595ca4daaa44ce2f80516","8228afbbc8de2bc46cbc8c94e9bab88a262b57f7"
"8228afbbc8de2bc46cbc8c94e9bab88a262b57f7","533fa91a6979df61df8d9b09c070b405c09672ae"
"533fa91a6979df61df8d9b09c070b405c09672ae","5dc7d6ce0533c01aad3599bb13e598ab5f9a0c16"
"5dc7d6ce0533c01aad3599bb13e598ab5f9a0c16","810ac8e72da5498c9024f67ae44d6a115295fad9"
"810ac8e72da5498c9024f67ae44d6a115295fad9","9e8e9bb7fc048edec4f871da3530e69d3e394e56"
"9e8e9bb7fc048edec4f871da3530e69d3e394e56","811993f56df83b3b845958e3c70e65e3308cec5b"
"811993f56df83b3b845958e3c70e65e3308cec5b","331cb02a3ce2a7eb3d5949b8804fe107c97990d8"
"331cb02a3ce2a7eb3d5949b8804fe107c97990d8","8d55bc15477c26a0e07cf9a1b4850b8ee1734bc2"
"8d55bc15477c26a0e07cf9a1b4850b8ee1734bc2","8a4a3004b046198bd3b58a4a19d0a9c83f3b6c07"
"8a4a3004b046198bd3b58a4a19d0a9c83f3b6c07","61f609c6e382f7968c179ccd335eafdc09dc59a8"
"61f609c6e382f7968c179ccd335eafdc09dc59a8","9d3e45b7e4230b1483cf26cde8c7e0d42215ce23"
"9d3e45b7e4230b1483cf26cde8c7e0d42215ce23","5cf67028e882659af366b4504096d77427a879a8"
"5cf67028e882659af366b4504096d77427a879a8","0e4b4d48933897322fe15aa6eb25e5b46e5664f1"
"0e4b4d48933897322fe15aa6eb25e5b46e5664f1","0f2539cf5ca19d1dc578388d39871ca1f846e442"
"0f2539cf5ca19d1dc578388d39871ca1f846e442","85cd652521feaf848f4725069c480ab09cff413c"
"85cd652521feaf848f4725069c480ab09cff413c","1232d1b5af3923cf6d4e64b8ab7f309a627c9311"
"1232d1b5af3923cf6d4e64b8ab7f309a627c9311","8d0fd88ff945008747c7d9d7f5eb968f687a6692"
"8d0fd88ff945008747c7d9d7f5eb968f687a6692","ecff6a1e707aeaa4c480451251459877c2615fc2"
"ecff6a1e707aeaa4c480451251459877c2615fc2","7bc0b5ec0c6c23eec9970d09b20acfdd7b853098"
"7bc0b5ec0c6c23eec9970d09b20acfdd7b853098","eadef3b2d77fe3fbd08286b4eaa938f26502f890"
"eadef3b2d77fe3fbd08286b4eaa938f26502f890","41e525985514b77133f0d271134683f32d34f97b"
"41e525985514b77133f0d271134683f32d34f97b","e0db63bf05e8d109076b9f086e11291852cd6a6f"
"e0db63bf05e8d109076b9f086e11291852cd6a6f","a627b63413272a2d739d027e6729fc47f499b97c"
"a627b63413272a2d739d027e6729fc47f499b97c","8bbb062f433f260fc5e41c3851b43e1a8feab7dd"
"8bbb062f433f260fc5e41c3851b43e1a8feab7dd","77dc37cc24c130934e67058f26474a6024286cae"
"77dc37cc24c130934e67058f26474a6024286cae","6626a9a88fa749035ff5964bb3196bc7b087732f"
"6626a9a88fa749035ff5964bb3196bc7b087732f","6afe27ddc799c60ee08590f67325357de3833c3d"
"6afe27ddc799c60ee08590f67325357de3833c3d","b9f3d85d2e382540428ab8265d893532987978b8"
"b9f3d85d2e382540428ab8265d893532987978b8","7afc1185b2844f91edb70efe1ee61fd26ce5f54c"
"7afc1185b2844f91edb70efe1ee61fd26ce5f54c","d5f141dbbe6c7e1ab90e7ca94bb0b38af561fec5"
"d5f141dbbe6c7e1ab90e7ca94bb0b38af561fec5","b02e45856dcdb2ae0cee8daf288e1329dd1e43bb"
"b02e45856dcdb2ae0cee8daf288e1329dd1e43bb","f522d6dcb351462b310a36b73eb22ba935d7d76b"
"f522d6dcb351462b310a36b73eb22ba935d7d76b","9155e20a0f8cda60f7860fa5c66c66b10a31886b"
"9155e20a0f8cda60f7860fa5c66c66b10a31886b","2541683e8a0a416c54fdccbf5f3f775d475cd73d"
"2541683e8a0a416c54fdccbf5f3f775d475cd73d","16a55f8c0567789577e661aef56be73095a2dce1"
"16a55f8c0567789577e661aef56be73095a2dce1","90d90a4443dedf2bea13e875381f570ca162601c"
"90d90a4443dedf2bea13e875381f570ca162601c","c1fdae0b7a962ff5e0b936274ef5559eef47f9e7"
"c1fdae0b7a962ff5e0b936274ef5559eef47f9e7","a84dbe5b3e414963cb226e070e51b6ade8ee8858"
"a84dbe5b3e414963cb226e070e51b6ade8ee8858","f45a9dc1ade6925e80771fa4f027ad9a3a42ef85"
"f45a9dc1ade6925e80771fa4f027ad9a3a42ef85","b8e0191c5ff949967f458b157731b962db4fae6e"
"b8e0191c5ff949967f458b157731b962db4fae6e","27123744c81f91c2ff4bddf8d4eafbe9dab6a92b"
"27123744c81f91c2ff4bddf8d4eafbe9dab6a92b","3da9067eda846aa2ca0a359328bd683b8795ef73"
"3da9067eda846aa2ca0a359328bd683b8795ef73","17104285671cc6a171f751ea8328a8ead66a525e"
"17104285671cc6a171f751ea8328a8ead66a525e","604bd25288743f6b6c9a45a1c78172717d61c104"
"604bd25288743f6b6c9a45a1c78172717d61c104","db3a251b527e4a830a5baa5eb2ecf0992841a493"
"db3a251b527e4a830a5baa5eb2ecf0992841a493","14bb09fd9b39c31cae5418328ff14d6f8915f913"
"14bb09fd9b39c31cae5418328ff14d6f8915f913","33c6370ad9891efdafe591c502f3bd41be8bee9c"
"33c6370ad9891efdafe591c502f3bd41be8bee9c","012cbc5b1405b8555b93aa95c85c33d9d5b4d3d3"
"012cbc5b1405b8555b93aa95c85c33d9d5b4d3d3","2ca720a16a1345b3b65079e285dcc1ee152c0545"
"2ca720a16a1345b3b65079e285dcc1ee152c0545","ee71393acf578cf040a69c30743415a30d0fd223"
"ee71393acf578cf040a69c30743415a30d0fd223","7b46c3430e1a0ea43bf3bbaa3659bfb0e255e4e8"
"7b46c3430e1a0ea43bf3bbaa3659bfb0e255e4e8","9cb48b0972dd141e9610418fb2d7cf32fa176e2a"
"9cb48b0972dd141e9610418fb2d7cf32fa176e2a","661b460933bb6d297b6b08f4eb0c55d9197b816b"
"661b460933bb6d297b6b08f4eb0c55d9197b816b","7f4df2d50f923c58f5f18491d6bcbd35b5151d04"
"7f4df2d50f923c58f5f18491d6bcbd35b5151d04","f61d85d9fb1938ec13311573487f85c83444e1bf"
"f61d85d9fb1938ec13311573487f85c83444e1bf","70658113e53111888997f77789e15e52a6a9a8d3"
"70658113e53111888997f77789e15e52a6a9a8d3","c127e40e75b42143f517d85233b30274acb9ba10"
"c127e40e75b42143f517d85233b30274acb9ba10","0f10be00f5795943d4b9fabd620ad45f87997e34"
"0f10be00f5795943d4b9fabd620ad45f87997e34","23e85298f764cf7d3cb397aac6c70b78ac91253e"
"23e85298f764cf7d3cb397aac6c70b78ac91253e","12840d078162dad4b4ed7fcba51841a272f83680"
"12840d078162dad4b4ed7fcba51841a272f83680","03f4dc1abde23a006dd620344d72258d1959cb75"
"03f4dc1abde23a006dd620344d72258d1959cb75","83955b7842feda5183511acc0928b6f2652bbe53"
"83955b7842feda5183511acc0928b6f2652bbe53","7a6d138aa5db03fe67b769619199a0224ba30a87"
"7a6d138aa5db03fe67b769619199a0224ba30a87","75a30a0000b0069c13b82d842c24df5e29f6b6e5"
"75a30a0000b0069c13b82d842c24df5e29f6b6e5","630acb3e0f3026ceaebf6b02168c11d36d8cd268"
"630acb3e0f3026ceaebf6b02168c11d36d8cd268","2732c7651df63ffbdf812d9546f459082505a5f2"
"2732c7651df63ffbdf812d9546f459082505a5f2","5d0a44c746eb6a59d42e36e2f35b0903f5943619"
"5d0a44c746eb6a59d42e36e2f35b0903f5943619","c1fdb47a3d2b3c6cf73f934ae23ac74e69584ce7"
"c1fdb47a3d2b3c6cf73f934ae23ac74e69584ce7","25b80ba46d9c6b7f68e0e21d1b5da7691d3fd5ff"
"25b80ba46d9c6b7f68e0e21d1b5da7691d3fd5ff","1856292d65cfe22bf485cf4facb266bb0c693efb"
"1856292d65cfe22bf485cf4facb266bb0c693efb","25a89d0dc98e43021c415b1a09f47c5d2221c03a"
"25a89d0dc98e43021c415b1a09f47c5d2221c03a","abe58452ec6ff24f869f02fdd9a63d4aa65a1209"
"abe58452ec6ff24f869f02fdd9a63d4aa65a1209","404653c47efa5effdbbc75154048aeaf06aa7658"
"404653c47efa5effdbbc75154048aeaf06aa7658","938b3f6af17830146097c96aab56f662c0068240"
"938b3f6af17830146097c96aab56f662c0068240","640f8ee856782ac00b4a03879e89ea6c00e6ed17"
"640f8ee856782ac00b4a03879e89ea6c00e6ed17","452de51c5eabedbf70ef0a01affb44b9b72e08a7"
"452de51c5eabedbf70ef0a01affb44b9b72e08a7","6658a95974f494aed851efbe31e188ff7a996c69"
"6658a95974f494aed851efbe31e188ff7a996c69","b4bff5ba1f226a25dbc32c1c8de6711a6f7f3cc1"
"b4bff5ba1f226a25dbc32c1c8de6711a6f7f3cc1","903a192a90640058ac287b5aaa1a2c6dce3fd84b"
"903a192a90640058ac287b5aaa1a2c6dce3fd84b","f890dc2a1dfebce5819c13bb2299548163964574"
"f890dc2a1dfebce5819c13bb2299548163964574","384d0065d9960a0788d313193a934815b03cb848"
"384d0065d9960a0788d313193a934815b03cb848","78b118a519f5f0e37a17c6494e3abfe9147402f8"
"78b118a519f5f0e37a17c6494e3abfe9147402f8","2bbbae2028aa94c472483099db07e44005837266"
"2bbbae2028aa94c472483099db07e44005837266","e618f37ac48b3d64b0302165a0e8417e7512d569"
"e618f37ac48b3d64b0302165a0e8417e7512d569","63252b2b9085b02275d8c1ee6adc62abf5663c90"
"63252b2b9085b02275d8c1ee6adc62abf5663c90","780a3f600f43671af1991d2ef2798288873570d8"
"780a3f600f43671af1991d2ef2798288873570d8","c00b7ec4fe71a7258af9ae956a625a8f91c440f8"
"c00b7ec4fe71a7258af9ae956a625a8f91c440f8","2281a22aaef6ead001b87a13c0119075cfc27c96"
"2281a22aaef6ead001b87a13c0119075cfc27c96","e711fcd2f16bc6c6c3654b54792fba702bea509e"
"e711fcd2f16bc6c6c3654b54792fba702bea509e","fa2390e11ae8a82941ef06033b2da34529d53491"
"fa2390e11ae8a82941ef06033b2da34529d53491","51a4c7088c9b51daa3e27f14e944a4b4ddb6345a"
"51a4c7088c9b51daa3e27f14e944a4b4ddb6345a","a9f92cb0edf1ee0bd990153cd0045d848e089395"
"a9f92cb0edf1ee0bd990153cd0045d848e089395","fb40cab87e9b3072eb79db1c267ba777bc2ba2d4"
"fb40cab87e9b3072eb79db1c267ba777bc2ba2d4","edb54996c61722b154ee2930e81f3f95fb5dfab0"
"edb54996c61722b154ee2930e81f3f95fb5dfab0","6730b475d099865e5cf6b00d647e8c85340848cd"
"6730b475d099865e5cf6b00d647e8c85340848cd","80424713e199c719fb2c6aa62e03bdf67ee64e7a"
"80424713e199c719fb2c6aa62e03bdf67ee64e7a","091bcdaba064604bfcba751530ec1e826170af60"
"091bcdaba064604bfcba751530ec1e826170af60","4930bbc6ba9a385a58cb02aa9628b6e4ba22d8b4"
"4930bbc6ba9a385a58cb02aa9628b6e4ba22d8b4","5e676df8d6e5da93f3b6d329682600b5d0d5d047"
"5e676df8d6e5da93f3b6d329682600b5d0d5d047","ebb61868874554717b1fedd96cb34edf28105293"
"ebb61868874554717b1fedd96cb34edf28105293","57f8b733d34f74d0d508a24f02fbdabaf32eccc2"
"57f8b733d34f74d0d508a24f02fbdabaf32eccc2","2ceeb20b895595e07dd00ef2e2c915ec0744094c"
"2ceeb20b895595e07dd00ef2e2c915ec0744094c","de9dc175ecee39f4eba5a7462c1b8fdd7a0167ef"
"de9dc175ecee39f4eba5a7462c1b8fdd7a0167ef","86446d01ee53e173189c6b7aef2139652599092c"
"86446d01ee53e173189c6b7aef2139652599092c","f5cb5ec0efccd71bc1f93328f35339499892d2e9"
"f5cb5ec0efccd71bc1f93328f35339499892d2e9","a621fff578ebbe02f8c9222304f379e58ef6e9e6"
"a621fff578ebbe02f8c9222304f379e58ef6e9e6","246b2565327a5bddd9d3f7f1afba31038abab70e"
"246b2565327a5bddd9d3f7f1afba31038abab70e","7814d04359a98dabf0bbf9424e2533b07c1e30d7"
"7814d04359a98dabf0bbf9424e2533b07c1e30d7","3d202b0190c7cd613ec8c8905a3e93a67db38b89"
"3d202b0190c7cd613ec8c8905a3e93a67db38b89","336486e203406295e019fc076c924d58d635b59d"
"336486e203406295e019fc076c924d58d635b59d","065f7eb5ba863e8c722659486f1577937ced3cbd"
"065f7eb5ba863e8c722659486f1577937ced3cbd","aa7485c164a8579b953c02f6f79e5e81eccb0af5"
"aa7485c164a8579b953c02f6f79e5e81eccb0af5","dbf70939aee7473cbcff3bd9474e34ac3838272f"
"dbf70939aee7473cbcff3bd9474e34ac3838272f","a2e67b6bf8764107d831f8f57e9dbfac3d0139b5"
"a2e67b6bf8764107d831f8f57e9dbfac3d0139b5","bd8818896b0cecce41e0540b831e31466f4ecec2"
"bd8818896b0cecce41e0540b831e31466f4ecec2","b7bd9630384e427b4fc3b40a84a65de193ba63f7"
"b7bd9630384e427b4fc3b40a84a65de193ba63f7","2a4903bf50c2d0714cfb20967bdb98474a08b813"
"2a4903bf50c2d0714cfb20967bdb98474a08b813","39bd03029ab3809517a83ab5b04b532a625c5fdf"
"39bd03029ab3809517a83ab5b04b532a625c5fdf","7c15f42bffa5f92556d72ad3610919c46697bad3"
"7c15f42bffa5f92556d72ad3610919c46697bad3","1408fe9ba63b2f40181a33ff6deff0004b75b3b6"
"1408fe9ba63b2f40181a33ff6deff0004b75b3b6","0f231f62f9caa6c5217cec8cd69dacdcfb302761"
"0f231f62f9caa6c5217cec8cd69dacdcfb302761","6e1afcb30e06d0c43c01f31dd7e644f69c785305"
"6e1afcb30e06d0c43c01f31dd7e644f69c785305","64792cb5fa43d9132c8f0cbbfcabfc2c412a3389"
"64792cb5fa43d9132c8f0cbbfcabfc2c412a3389","aa3f8de4e12546b7c7c2e72f8c8726e1ae9965bd"
"aa3f8de4e12546b7c7c2e72f8c8726e1ae9965bd","d356aae5ccee034c41786781dabda472dc69f258"
"d356aae5ccee034c41786781dabda472dc69f258","245d06888d48aa1b9e3e9169404bf0f53114aa50"
"245d06888d48aa1b9e3e9169404bf0f53114aa50","18a8f92e00be49229775b7a1739546ea6ae192d4"
"18a8f92e00be49229775b7a1739546ea6ae192d4","d8f74e06607f5e889d97f65934961f3b23faa0c0"
"d8f74e06607f5e889d97f65934961f3b23faa0c0","315f12e7076b7cca5bb662ce8107f8420d6dab81"
"315f12e7076b7cca5bb662ce8107f8420d6dab81","593a05a0baab4d9fbebd4a19f476a4a027a844a3"
"593a05a0baab4d9fbebd4a19f476a4a027a844a3","b90164e41ae212148501655ba7d15fe4b31abb17"
"b90164e41ae212148501655ba7d15fe4b31abb17","33e9dbe915e985019d04d3d67f4260d0b897e342"
"33e9dbe915e985019d04d3d67f4260d0b897e342","ca592f28caf1f398fa2f81d76343b086e100fab9"
"ca592f28caf1f398fa2f81d76343b086e100fab9","f027871b112a63502ffabb446331bcae411ec6aa"
"f027871b112a63502ffabb446331bcae411ec6aa","f59deca516d5f05dd785c097c3a1893be58b0f3a"
"f59deca516d5f05dd785c097c3a1893be58b0f3a","081833f41c8fdc8246a22c7b595d8e30f17cc7a2"
"081833f41c8fdc8246a22c7b595d8e30f17cc7a2","c89c05a1ceab0e34929d5b4795265e0f925c41ea"
"c89c05a1ceab0e34929d5b4795265e0f925c41ea","0dcde28542ec12ff9a0bca6279ab207949ae23f8"
"0dcde28542ec12ff9a0bca6279ab207949ae23f8","d4eaa83da9355f08005b37a1e52d07f8d78ca75a"
"d4eaa83da9355f08005b37a1e52d07f8d78ca75a","2807b1124eb8732f3f92b3174adce9520664b2f0"
"2807b1124eb8732f3f92b3174adce9520664b2f0","a02e1caf3820d7a8919c9c6ce66629177d219c2b"
"a02e1caf3820d7a8919c9c6ce66629177d219c2b","78c65202e53b1e15e93273cce7bc5004db8601c6"
"78c65202e53b1e15e93273cce7bc5004db8601c6","413fe8c219fb89a9dcbb0f84f8bd080689d72825"
"413fe8c219fb89a9dcbb0f84f8bd080689d72825","7dc47206744326bea056518be46ea5a71fc70401"
"7dc47206744326bea056518be46ea5a71fc70401","0cb4f51f0c4776a432b0887fe16b7a0b660be00b"
"0cb4f51f0c4776a432b0887fe16b7a0b660be00b","be8c9f85ef693c70b36fe4e08b2ba8e11b3b3062"
"be8c9f85ef693c70b36fe4e08b2ba8e11b3b3062","ad3b75cc82b7fd75c7d89c767b0d5c3ea1be43f5"
"ad3b75cc82b7fd75c7d89c767b0d5c3ea1be43f5","c1ab74e5551bff856cdf98e37439421debaf83c4"
"c1ab74e5551bff856cdf98e37439421debaf83c4","6f2ec2fc10a86dbe29486fe94ca7b3d250295399"
"6f2ec2fc10a86dbe29486fe94ca7b3d250295399","df4c46fd17a83208ac3af10f625818b7ef0ba8c4"
"df4c46fd17a83208ac3af10f625818b7ef0ba8c4","aee7eb45a55e22ecde135b82c4a558b6badbd9bc"
"aee7eb45a55e22ecde135b82c4a558b6badbd9bc","75cbda6b0616bce1b263e46ece0f1f9ab5f1352f"
"75cbda6b0616bce1b263e46ece0f1f9ab5f1352f","cf8463d2e1366bfc32c6b46965f0d48a5317af75"
"cf8463d2e1366bfc32c6b46965f0d48a5317af75","f56030dc738ad69e4ec82caa6177e8d6da0a1b37"
"f56030dc738ad69e4ec82caa6177e8d6da0a1b37","2e5faf2726a374bb66c95a72f8d3dd4d829e5522"
"2e5faf2726a374bb66c95a72f8d3dd4d829e5522","49acb812c7c11e99dd49166eb2abcbd8f72a9d7c"
"49acb812c7c11e99dd49166eb2abcbd8f72a9d7c","94306ec63197c538a10ccf11e45a6c997a94358f"
"94306ec63197c538a10ccf11e45a6c997a94358f","50ffc1aa1bba3fe61d07107c1d9e4d451d087a4c"
"50ffc1aa1bba3fe61d07107c1d9e4d451d087a4c","70efea2e0ac59d22e5ebb4192757741453d8ea8e"
"70efea2e0ac59d22e5ebb4192757741453d8ea8e","f1316fc359cc56083f63322d2dba91fadd210bbd"
"f1316fc359cc56083f63322d2dba91fadd210bbd","38da4bb8d1aa7a5819a761669f454a9eea7c974d"
"38da4bb8d1aa7a5819a761669f454a9eea7c974d","1b9de944874f75903334ed8038ba98583180fc14"
"1b9de944874f75903334ed8038ba98583180fc14","53c14ab32322e4d2e6bb3f50b587b70ad2c79623"
"53c14ab32322e4d2e6bb3f50b587b70ad2c79623","7dc1ac85ad6808a38a34a5c0679e7f03f92c5b25"
"7dc1ac85ad6808a38a34a5c0679e7f03f92c5b25","f060c13dda43ae96c2385d5f4119e9b57eadcd01"
"f060c13dda43ae96c2385d5f4119e9b57eadcd01","95febac0b58ad456fcb027ace2a1cec9d58d1899"
"95febac0b58ad456fcb027ace2a1cec9d58d1899","7577e732b21de1ecebb3372908a8942d096d6158"
"7577e732b21de1ecebb3372908a8942d096d6158","8439bdc370a9ca9a8d6f9e9272fd24774aacacfd"
"8439bdc370a9ca9a8d6f9e9272fd24774aacacfd","1b2d5e906d0b2ecf777dd458810270765bfcdd93"
"1b2d5e906d0b2ecf777dd458810270765bfcdd93","b9dc5baa0ef22bf201f235de877e643dd72d3dc7"
"b9dc5baa0ef22bf201f235de877e643dd72d3dc7","01031d26993c60557130fa9b1f2cc4181ed2b12e"
"01031d26993c60557130fa9b1f2cc4181ed2b12e","8122a833305ccb772e1ec9f03c713d2fd609ab80"
"8122a833305ccb772e1ec9f03c713d2fd609ab80","c925806ae1887b4722291a610437c02fbec8e361"
"c925806ae1887b4722291a610437c02fbec8e361","e72ba6c417b211eefb4eef4466434f83b443352c"
"e72ba6c417b211eefb4eef4466434f83b443352c","eae74363b2165ee296463b83690121759dc1c4e0"
"eae74363b2165ee296463b83690121759dc1c4e0","fd91083c16bc26c229541e4d0ae79cc237a75412"
"fd91083c16bc26c229541e4d0ae79cc237a75412","5412ccfc5b600b94955ed72c7dd4f23b0200277d"
"5412ccfc5b600b94955ed72c7dd4f23b0200277d","6ad847f7b10f795b42a9c75cb8335f290a953d78"
"6ad847f7b10f795b42a9c75cb8335f290a953d78","2f94d58f515e7e40d44a4e3b781bbddae84aff6e"
"2f94d58f515e7e40d44a4e3b781bbddae84aff6e","e50e4e6f5fb6b7de4d9a0e9316a8aebc1f25d822"
"e50e4e6f5fb6b7de4d9a0e9316a8aebc1f25d822","da271dba66c5e76a6b2481ec942545536006225c"
"da271dba66c5e76a6b2481ec942545536006225c","f9690d7dc371f021e56dc1b07f88407369df78ac"
"f9690d7dc371f021e56dc1b07f88407369df78ac","a83c26a45269d4e72cdb854ddd65fa98d53b6581"
"a83c26a45269d4e72cdb854ddd65fa98d53b6581","29a482bdc757323078d0945d01bff49956631fda"
"29a482bdc757323078d0945d01bff49956631fda","13fec294f248fbb5cb34a46cfd03aa4296b32ac1"
"13fec294f248fbb5cb34a46cfd03aa4296b32ac1","09f459c5eb3d5fb279e45dd3a87894eda7498bac"
"09f459c5eb3d5fb279e45dd3a87894eda7498bac","4cb01105adb7a7c9730b818bca7903aa91047126"
"4cb01105adb7a7c9730b818bca7903aa91047126","b5339e5237326c7412f805d3ebdce9aac8ef7e83"
"b5339e5237326c7412f805d3ebdce9aac8ef7e83","34f13f5b0eba95cf8085b3f670be87a73314c3f8"
"34f13f5b0eba95cf8085b3f670be87a73314c3f8","55cc8e3ba3c6acd42f0316d412ed528790c5f600"
"55cc8e3ba3c6acd42f0316d412ed528790c5f600","aee20ceaf04a20561c731c6a71d32557e614a8b2"
"aee20ceaf04a20561c731c6a71d32557e614a8b2","1e62ad33071c332d528fa31c99d31adde29eaed2"
"1e62ad33071c332d528fa31c99d31adde29eaed2","3ed9af9fdf5fabed69e167afabd8fa23a00afb04"
"3ed9af9fdf5fabed69e167afabd8fa23a00afb04","f55c7c348b8c837f20a5ea20e2f3c70ba1bf4933"
"f55c7c348b8c837f20a5ea20e2f3c70ba1bf4933","9303221dc33820f3197d96625eceafb3a572285e"
"9303221dc33820f3197d96625eceafb3a572285e","99d578754d314414c5c816906ea73c645e55cb23"
"99d578754d314414c5c816906ea73c645e55cb23","080f03c2744e2c767f80d5cebfdd374330a5dfb9"
"080f03c2744e2c767f80d5cebfdd374330a5dfb9","46904fc462a4c3cf32a92460ed49506396769e9a"
"46904fc462a4c3cf32a92460ed49506396769e9a","7d25209609e8ca67104704f5e16a50b7aafc4938"
"7d25209609e8ca67104704f5e16a50b7aafc4938","9bec4ce41c32ca627fc0fce5ae59e1fb731f68ea"
"9bec4ce41c32ca627fc0fce5ae59e1fb731f68ea","ffbc236d459d0e170257b41904556b021a6a338b"
"ffbc236d459d0e170257b41904556b021a6a338b","c796f641db7a438f6b8091f3ad136d181df40ab3"
"c796f641db7a438f6b8091f3ad136d181df40ab3","67aac9bf74ada5e4d7825217e70a547e8d8f1c35"
"67aac9bf74ada5e4d7825217e70a547e8d8f1c35","92cf6ed59c6f5329a74d6120dc129f6638c0feb0"
"92cf6ed59c6f5329a74d6120dc129f6638c0feb0","127ee1456e1b8289c0d23443d17baf92029b321e"
"127ee1456e1b8289c0d23443d17baf92029b321e","c5a6daf095c34700cc5b04aa1404f854354ff8bc"
"c5a6daf095c34700cc5b04aa1404f854354ff8bc","1c9921e5b2057f3df73ad3bd1e3b2d1b3562a192"
"1c9921e5b2057f3df73ad3bd1e3b2d1b3562a192","1927fc4d20cb68128bdc069e0ddf4336f23a2ac2"
"1927fc4d20cb68128bdc069e0ddf4336f23a2ac2","719002332a520a6fa705729dc18ba72436cf587f"
"719002332a520a6fa705729dc18ba72436cf587f","a89288a3af3e205a3fa63616ee70431fbbaac762"
"a89288a3af3e205a3fa63616ee70431fbbaac762","126106c5e0768558ccf184518776ea85226c7cd7"
"126106c5e0768558ccf184518776ea85226c7cd7","aa2e33ac1b1d3e8b04938eb5dc66aa7c25d3570a"
"aa2e33ac1b1d3e8b04938eb5dc66aa7c25d3570a","4bb193dd51fefc3873b6a514ae6dbab4965231fb"
"4bb193dd51fefc3873b6a514ae6dbab4965231fb","16d37fc3b33dc4b575ae5f495b50a5299cb583cb"
"16d37fc3b33dc4b575ae5f495b50a5299cb583cb","cc285e59d16db8d79ebd1f352f8bb0f5e5db84f4"
"cc285e59d16db8d79ebd1f352f8bb0f5e5db84f4","16d0fac5e14693abeede43eb1ac32072218aba42"
"16d0fac5e14693abeede43eb1ac32072218aba42","cf517f4bb8a39185ef2398034d2ac6b760fc8525"
"cf517f4bb8a39185ef2398034d2ac6b760fc8525","edb7e5bdf247a71b96dcfda06bab167778b39f57"
"edb7e5bdf247a71b96dcfda06bab167778b39f57","c5c8a381ab3b11e231a2f935e9e8a813e3113fff"
"c5c8a381ab3b11e231a2f935e9e8a813e3113fff","a330e4676e02c58bd3c0a26e294924b4a02a15f8"
"a330e4676e02c58bd3c0a26e294924b4a02a15f8","e228bbb51fd7106ec4481dda602193efce9b266e"
"e228bbb51fd7106ec4481dda602193efce9b266e","c10f32690c4bee313829c4db4b08d0a848c38143"
"c10f32690c4bee313829c4db4b08d0a848c38143","2b2876eff4a507d75fabf1ccabc17e3b351098f4"
"2b2876eff4a507d75fabf1ccabc17e3b351098f4","88ca527613280f46588e06fe5b9351c1825b0010"
"88ca527613280f46588e06fe5b9351c1825b0010","dbad2cf93136a3456d72c33e19c7ddf83afe7e2a"
"dbad2cf93136a3456d72c33e19c7ddf83afe7e2a","fb5514ec7eaa90ac50f411c5eefd9211a3d0cf6e"
"fb5514ec7eaa90ac50f411c5eefd9211a3d0cf6e","a5d57e69f312c54347ddbd44a668f148399a11fa"
"a5d57e69f312c54347ddbd44a668f148399a11fa","e132624362bd818e6fa5d26708f178e82521ff64"
"e132624362bd818e6fa5d26708f178e82521ff64","a0925b0089761fdf399ba6aaefcf519263a3a3bc"
"a0925b0089761fdf399ba6aaefcf519263a3a3bc","23b663add2ba25705ceda4a0072139004765123b"
"23b663add2ba25705ceda4a0072139004765123b","b55666bb08344e512e758496a9ea46bf6ee236b1"
"b55666bb08344e512e758496a9ea46bf6ee236b1","c2618cea27b4a75fea8ebdfcaa40c6b21e989e2b"
"c2618cea27b4a75fea8ebdfcaa40c6b21e989e2b","07430f15907a101bb9f498e4b90763ef711c8608"
"07430f15907a101bb9f498e4b90763ef711c8608","44ff69a149b964ac1224e09d4d4d958903ba1c67"
"44ff69a149b964ac1224e09d4d4d958903ba1c67","39c16bb18a6a7b9592f431ac189cbd86f7aa0a90"
"39c16bb18a6a7b9592f431ac189cbd86f7aa0a90","d8de815b7bdeca1cf8a967916a210cd2c6b145b7"
"d8de815b7bdeca1cf8a967916a210cd2c6b145b7","e6f37cef2dd7904a7113b4c0bccd50f77009dc04"
"e6f37cef2dd7904a7113b4c0bccd50f77009dc04","958e27c7b5110c62d0658f31e0f9e97666a78ca6"
"958e27c7b5110c62d0658f31e0f9e97666a78ca6","02fd8dda61054988779195646ec8928cbb84ef86"
"02fd8dda61054988779195646ec8928cbb84ef86","e4ad706e2a5107b329ceea3a4d7fa3ef9169eb42"
"e4ad706e2a5107b329ceea3a4d7fa3ef9169eb42","b8f8660385c51c377df244ac6fb492376120638e"
"b8f8660385c51c377df244ac6fb492376120638e","ac8a49d43e89e3de90dd7ab6e8a66c9655e1e860"
"ac8a49d43e89e3de90dd7ab6e8a66c9655e1e860","2a8a0226932e527d9b11b264086563feacff04e0"
"2a8a0226932e527d9b11b264086563feacff04e0","0ca8ad880ae565a4c67ea849b89f37b38de0cc21"
"0ca8ad880ae565a4c67ea849b89f37b38de0cc21","3a4de7122d8baf1778e5a8e6e57c05588b219483"
"3a4de7122d8baf1778e5a8e6e57c05588b219483","df285545f099256b7ed13eb33ecb76110a8eeb37"
"df285545f099256b7ed13eb33ecb76110a8eeb37","216d0d1fa2defbaa9aef790a84d8c46d6d016202"
"216d0d1fa2defbaa9aef790a84d8c46d6d016202","db354f5b4f8f5a2945967eafbe5a72650bd4d99c"
"db354f5b4f8f5a2945967eafbe5a72650bd4d99c","335b06861dbcf23a8a1eb0ab821bf915f6b594db"
"335b06861dbcf23a8a1eb0ab821bf915f6b594db","43278eea6e5a8e7f34f0c63509968c01b56e2364"
"43278eea6e5a8e7f34f0c63509968c01b56e2364","aa77c155c0babb6a67b02816cc46b0a8a15ef7c1"
"aa77c155c0babb6a67b02816cc46b0a8a15ef7c1","f4d7e2f5418a3a7497abb48af3e11f463df9d9fa"
"f4d7e2f5418a3a7497abb48af3e11f463df9d9fa","bf9b5cabd15f786760ebf41f1fbb2b01ec22293a"
"bf9b5cabd15f786760ebf41f1fbb2b01ec22293a","d0d8f422ccb384d3e9ad4d7813d37d26aac96447"
"d0d8f422ccb384d3e9ad4d7813d37d26aac96447","e7664e2c5e2b6d2588f36216248cb4a72d523dc2"
"e7664e2c5e2b6d2588f36216248cb4a72d523dc2","151a1e0379513281e5b1be0db6c23b2bfd42fb55"
"151a1e0379513281e5b1be0db6c23b2bfd42fb55","f0add914409e3c2368dab72aa684b69a1b908e9c"
"f0add914409e3c2368dab72aa684b69a1b908e9c","bc81bb5119b575b08f9d20fa5678df17759c169d"
"bc81bb5119b575b08f9d20fa5678df17759c169d","820f78b6f3e95d2bc3a2b85f1319746b2f6513c9"
"820f78b6f3e95d2bc3a2b85f1319746b2f6513c9","a1c707bb642fa1cda37b8b37a7d9cf9e4ad9ffb1"
"a1c707bb642fa1cda37b8b37a7d9cf9e4ad9ffb1","6e0574e2fd552ad4ccc110781b5b2489a95ba17b"
"6e0574e2fd552ad4ccc110781b5b2489a95ba17b","49783f23f93515b40a0ba81a0540242ea27b2b4c"
"49783f23f93515b40a0ba81a0540242ea27b2b4c","35378bceb626cd05d37f40c7f11bea803cc1bde3"
"35378bceb626cd05d37f40c7f11bea803cc1bde3","0bace80fc86963e19ad7b17c2bf9127e8b4a48c8"
"0bace80fc86963e19ad7b17c2bf9127e8b4a48c8","e5ee0d28a8031b7c83536935b6d7e477c79158e2"
"e5ee0d28a8031b7c83536935b6d7e477c79158e2","4219149a11a92c9b3804a876c99ed6abffcd1a1f"
"4219149a11a92c9b3804a876c99ed6abffcd1a1f","a148130b9f5264a3ad6d2a9602393ef25915be86"
"a148130b9f5264a3ad6d2a9602393ef25915be86","d8ff4b979f2c34b7795d457f022e38a5e6b6003e"
"d8ff4b979f2c34b7795d457f022e38a5e6b6003e","cb0e48af9b405b0638cd5a4fbfae16f5d186cc00"
"cb0e48af9b405b0638cd5a4fbfae16f5d186cc00","ba648a60d225d940b5008c0d0711f9839c278d8a"
"ba648a60d225d940b5008c0d0711f9839c278d8a","f4d1a35153a81408878b4f2b3779335094ca461e"
"f4d1a35153a81408878b4f2b3779335094ca461e","509eb8f9e19e2084dbf5a0b0c0152e9667918ec6"
"509eb8f9e19e2084dbf5a0b0c0152e9667918ec6","a1b0d934dbc0c7c5fb826459f212f25f26393006"
"a1b0d934dbc0c7c5fb826459f212f25f26393006","3369f326f8089005b9c84ffab7b9ea99bffa592b"
"3369f326f8089005b9c84ffab7b9ea99bffa592b","708722c395b8316aafc750591b3e9f5d54e6994c"
"708722c395b8316aafc750591b3e9f5d54e6994c","9ebb33d12cb70bd466443c1a0578b166d1ed450f"
"9ebb33d12cb70bd466443c1a0578b166d1ed450f","2c37cafc950d1345f405e869cc496154facf4772"
"2c37cafc950d1345f405e869cc496154facf4772","d74aab32207d0de24a837ca34055e1814d53a0a0"
"d74aab32207d0de24a837ca34055e1814d53a0a0","864198bb204e48b843eb27f28c1b4e53e6405231"
"864198bb204e48b843eb27f28c1b4e53e6405231","0966d1bdeed35f55ed9456b3047555b36d8f490f"
"0966d1bdeed35f55ed9456b3047555b36d8f490f","665854ad1d2b9da09e75f7d3c4642c30712fb5a3"
"665854ad1d2b9da09e75f7d3c4642c30712fb5a3","e4f92859f06912aa4b5a87e4b9465d465a487697"
"e4f92859f06912aa4b5a87e4b9465d465a487697","637289d279ad2b57139bfa9ea624188c05312eda"
"637289d279ad2b57139bfa9ea624188c05312eda","8adf9942ff06c90d10d11de6b0112dd47f391b66"
"8adf9942ff06c90d10d11de6b0112dd47f391b66","be0df2070cf5395cb976af186c6f05a4bec365a4"
"be0df2070cf5395cb976af186c6f05a4bec365a4","f2f319bbaa26c65d806e49575f1df0658792e4e5"
"f2f319bbaa26c65d806e49575f1df0658792e4e5","cb9ab00edb752fdf31bea222e8326b3476a7f6b8"
"cb9ab00edb752fdf31bea222e8326b3476a7f6b8","4297bcc192faea4ad8187d99cb50f687ff00c620"
"4297bcc192faea4ad8187d99cb50f687ff00c620","ba361a6706857b63857f9e8a6eb699ada1eb2ecd"
"ba361a6706857b63857f9e8a6eb699ada1eb2ecd","28baa2150b6985f5301c704195d63d89aee879f5"
"28baa2150b6985f5301c704195d63d89aee879f5","b82838c05b04a9c6a7da23f44fd8548020f4913d"
"b82838c05b04a9c6a7da23f44fd8548020f4913d","d2639d66eea7386870a788b3a58756c39bd48ea5"
"d2639d66eea7386870a788b3a58756c39bd48ea5","617299549ab91d7cf6213848938ea1f3d1866368"
"617299549ab91d7cf6213848938ea1f3d1866368","5bba4c2b71cb2be873aa1cb07c597d145cc52e16"
"5bba4c2b71cb2be873aa1cb07c597d145cc52e16","fb735be1a7f8b54ef070b2bb711eda9f33d5b601"
"fb735be1a7f8b54ef070b2bb711eda9f33d5b601","8606ec75298d2c417bcdab21f6c276d3dabf026d"
"8606ec75298d2c417bcdab21f6c276d3dabf026d","8713dc7fa52623dfbbfd13b5ed99f1ddc2f5ba9c"
"8713dc7fa52623dfbbfd13b5ed99f1ddc2f5ba9c","216209966dc76003075059a78d43c2085c90937d"
"216209966dc76003075059a78d43c2085c90937d","1a179c1532f7856ec7b389f73f5050b587447d16"
"1a179c1532f7856ec7b389f73f5050b587447d16","554dc16ccf0dd8db64f9a289bb0efdbdd4f7738b"
"554dc16ccf0dd8db64f9a289bb0efdbdd4f7738b","f2c608b5f5a073adf02656bdd46b7d0f9a177bed"
"f2c608b5f5a073adf02656bdd46b7d0f9a177bed","29b5f30f53837ed383468ebd01e91a5e540351fa"
"29b5f30f53837ed383468ebd01e91a5e540351fa","65e0c9c9f7214d0a03b2be6c5f5bc68b5694441d"
"65e0c9c9f7214d0a03b2be6c5f5bc68b5694441d","5ecf34b51cba7c94e94c69114f617da010258b60"
"5ecf34b51cba7c94e94c69114f617da010258b60","eef02b215ced7a9174db313d323d7ef9965b1be8"
"eef02b215ced7a9174db313d323d7ef9965b1be8","e65fb9c8541fb5dbe41c58be6dbe2f27fcb15dda"
"e65fb9c8541fb5dbe41c58be6dbe2f27fcb15dda","b90bc001336a64eb69b2fdf2a667fb7499ff387a"
"b90bc001336a64eb69b2fdf2a667fb7499ff387a","f0eb16906660caf5deae6d4ce278ea3ebbcbf328"
"f0eb16906660caf5deae6d4ce278ea3ebbcbf328","d3835f45e39677b6978ade40af5b515e85dd40d6"
"d3835f45e39677b6978ade40af5b515e85dd40d6","4a327f66004ebb26768e8404c155ed01fe7f3842"
"4a327f66004ebb26768e8404c155ed01fe7f3842","c7d54091ade67fa9cb4b59c53d77687a9e36fd8f"
"c7d54091ade67fa9cb4b59c53d77687a9e36fd8f","39b2c06983e15ecfab2655f6cfc276c3c08dd00c"
"39b2c06983e15ecfab2655f6cfc276c3c08dd00c","eed0ec09b9a4ddf17ffeda2fe85f7d7ce7914a67"
"eed0ec09b9a4ddf17ffeda2fe85f7d7ce7914a67","770a916b26c2bf82442dbd81ffe2caa9571b9da0"
"770a916b26c2bf82442dbd81ffe2caa9571b9da0","6a05e93edcb9e9bc23871a75cedf4d31a24efa6d"
"6a05e93edcb9e9bc23871a75cedf4d31a24efa6d","4105c51fa6409c86efdac7cbc8f124bb900ed066"
"4105c51fa6409c86efdac7cbc8f124bb900ed066","1a96ad5276fa94adb0703731877dd89eb975ff03"
"1a96ad5276fa94adb0703731877dd89eb975ff03","d14d2a62055b4322d050c2f1613bfcca68ae52c9"
"d14d2a62055b4322d050c2f1613bfcca68ae52c9","afede635489fa5c50bc5165896e92284af7a47c8"
"afede635489fa5c50bc5165896e92284af7a47c8","0b41009365c59c0c6a096514bbb6c58ee9fe3691"
"0b41009365c59c0c6a096514bbb6c58ee9fe3691","31dfed32ae99023717d4ff64205278ae0c099f2b"
"31dfed32ae99023717d4ff64205278ae0c099f2b","f419444e3e775afd8cb239d83e65408b8c684a81"
"f419444e3e775afd8cb239d83e65408b8c684a81","02c8e96c284c101c6e3087f602d84f243760bb8e"
"02c8e96c284c101c6e3087f602d84f243760bb8e","e61c4e234c9a7ecd61477c8fdddf553159b2a5a7"
"e61c4e234c9a7ecd61477c8fdddf553159b2a5a7","585632b5b096c256fd2d420cfeb58712e66f76a7"
"585632b5b096c256fd2d420cfeb58712e66f76a7","ab19ed474c6ed36ca8ee5f7a2c5c8b9c3dcc986d"
"ab19ed474c6ed36ca8ee5f7a2c5c8b9c3dcc986d","484686e9711e3772ac9b1fcc1ddfd9f59a11a6e3"
"484686e9711e3772ac9b1fcc1ddfd9f59a11a6e3","8ee92de6f5c949eaffccacc1eb97a983b2fa54be"
"8ee92de6f5c949eaffccacc1eb97a983b2fa54be","54c3c1990feefcf1ed5781c29e4556f276439728"
"54c3c1990feefcf1ed5781c29e4556f276439728","35b37d027dd1a0545b1b82ab9bb1c83e4ee01586"
"35b37d027dd1a0545b1b82ab9bb1c83e4ee01586","0a22eccaed4b39bc0d39d1592bafcaea53c6754d"
"0a22eccaed4b39bc0d39d1592bafcaea53c6754d","e3bc18689377505e66e3dcaa7f33784ae25a534f"
"e3bc18689377505e66e3dcaa7f33784ae25a534f","a4c38a7aba69d8e0d99d3647680b14c63f836397"
"a4c38a7aba69d8e0d99d3647680b14c63f836397","dd56b8b1e765614401adfd00e3ec7abfe8275334"
"dd56b8b1e765614401adfd00e3ec7abfe8275334","018425f68aafbf061bb189c3d00745503d07e073"
"018425f68aafbf061bb189c3d00745503d07e073","8af17ab35d3d577856a11c4c28d4b8e31ee5e75b"
"8af17ab35d3d577856a11c4c28d4b8e31ee5e75b","40d5ab3da9713e10c6095f4c2bb0ab104caa5fcc"
"40d5ab3da9713e10c6095f4c2bb0ab104caa5fcc","7d148e8825f548a4d16848f44104c2f2ab7c0457"
"7d148e8825f548a4d16848f44104c2f2ab7c0457","80760c06f9ff6cd64ebd41a0a4872dac01be39e7"
"80760c06f9ff6cd64ebd41a0a4872dac01be39e7","15abbcd5c95a6ae4f1f533e4501a381bcd5e7e05"
"15abbcd5c95a6ae4f1f533e4501a381bcd5e7e05","4ed7b81d1ae33c7c0591d0b120da68339af09103"
"4ed7b81d1ae33c7c0591d0b120da68339af09103","0a2a3201cfc637eb68146b3ca4bca084d5554e3c"
"0a2a3201cfc637eb68146b3ca4bca084d5554e3c","24e6be6557f5e96bfee92c2fdd1452186dfaf056"
"24e6be6557f5e96bfee92c2fdd1452186dfaf056","9faa26516779ca40915c9a015859a3b12a8f746a"
"9faa26516779ca40915c9a015859a3b12a8f746a","156a0ce18b75eacf87b361d00831c0ff60e44e2b"
"156a0ce18b75eacf87b361d00831c0ff60e44e2b","15b817f077c6f6cd07fd335331adba1e62db5dd5"
"15b817f077c6f6cd07fd335331adba1e62db5dd5","d5d66c2b7724d512f51bc258a80cbbc7e44bc8ae"
"d5d66c2b7724d512f51bc258a80cbbc7e44bc8ae","eef376a8168a342397bfa5fcddc8d3d0162f5892"
"eef376a8168a342397bfa5fcddc8d3d0162f5892","911def80d8ce7265e9ef353a8d58a872d9908001"
"911def80d8ce7265e9ef353a8d58a872d9908001","f1ac31fc8057c88a8254024293d6ff68b940b336"
"f1ac31fc8057c88a8254024293d6ff68b940b336","77da89ca91647d721b846245723ed7ac50fd1097"
"77da89ca91647d721b846245723ed7ac50fd1097","a9d3c0d70e710e2b9fd734bc06fe26a40eee3f82"
"a9d3c0d70e710e2b9fd734bc06fe26a40eee3f82","e4fca353601e8847612e1bfdc888bb7b301c13f5"
"e4fca353601e8847612e1bfdc888bb7b301c13f5","6dcb159cab4a93ab23605adecf010ddfc5b4e65a"
"6dcb159cab4a93ab23605adecf010ddfc5b4e65a","16c5c88800e4f84c0a0386e5771f0863f815a204"
"16c5c88800e4f84c0a0386e5771f0863f815a204","e6f9e65e537419ae3b9495f90761884b3241530a"
"e6f9e65e537419ae3b9495f90761884b3241530a","5616b6a1f4230f44d02985efe4d8599791079ae1"
"5616b6a1f4230f44d02985efe4d8599791079ae1","9cb9df64540d53d271fabea3f5119eb43d423ced"
"9cb9df64540d53d271fabea3f5119eb43d423ced","d4665a8978a39658a76cb40c77ae40d5f63b444b"
"d4665a8978a39658a76cb40c77ae40d5f63b444b","d55f9c33b3372084595add173f1e456aca53dc3d"
"d55f9c33b3372084595add173f1e456aca53dc3d","7fbbc9a2cde82791fc14e4386bf5bac5aafefa7f"
"7fbbc9a2cde82791fc14e4386bf5bac5aafefa7f","3b56f1e698a65f08f6da5576e1be9f94c7cf22bd"
"3b56f1e698a65f08f6da5576e1be9f94c7cf22bd","860db6a990a02304468b35b0df3f46e21c093fa1"
"860db6a990a02304468b35b0df3f46e21c093fa1","ba48b8233d8ad3c6b427fa55d9150d25a67272a3"
"ba48b8233d8ad3c6b427fa55d9150d25a67272a3","99aaab50e1e45d65f3d376e9eb6f52ab09fe5bd7"
"99aaab50e1e45d65f3d376e9eb6f52ab09fe5bd7","9d32fff550929d7938fee68d8e7b0348f0e7aedc"
"9d32fff550929d7938fee68d8e7b0348f0e7aedc","fff81d43021ed0991277371c4c5c4d7da97193a9"
"fff81d43021ed0991277371c4c5c4d7da97193a9","6c13b337ef662c145542728c8a3e5e3b9d019a68"
"6c13b337ef662c145542728c8a3e5e3b9d019a68","d1464d701114e788e9884ed50ad32c97481b264e"
"d1464d701114e788e9884ed50ad32c97481b264e","1e29b6ecacc5e0e68076fcc8aa8b230242832f44"
"1e29b6ecacc5e0e68076fcc8aa8b230242832f44","4446243a892440119e706b4516c513b69e351550"
"4446243a892440119e706b4516c513b69e351550","087324bcb799e7c5da9592026b2cface75fbc94f"
"087324bcb799e7c5da9592026b2cface75fbc94f","c7e08452abf8c1ed34816672d0fe63743fc916b5"
"c7e08452abf8c1ed34816672d0fe63743fc916b5","9dc6a968092fdf99a7a8893afac1f76a15f7d128"
"9dc6a968092fdf99a7a8893afac1f76a15f7d128","3e1a3e83eed5c0d6f992c3623a56f0c801614664"
"3e1a3e83eed5c0d6f992c3623a56f0c801614664","e686cb75ac099d87d974c1393f83b28f5ebee871"
"e686cb75ac099d87d974c1393f83b28f5ebee871","803ff0daea908a5f2fcae05eafd5ee0539c5901d"
"803ff0daea908a5f2fcae05eafd5ee0539c5901d","fd78f70f0d786a2e25bfc56b2950c00cfe68f2df"
"fd78f70f0d786a2e25bfc56b2950c00cfe68f2df","7947331594b3aa6898c3c22d02c9b2f35c6b3ee6"
"7947331594b3aa6898c3c22d02c9b2f35c6b3ee6","b0980cb8d1095cbfe7ac87cf990c0477426fb44e"
"b0980cb8d1095cbfe7ac87cf990c0477426fb44e","5ba6694e70e62ff718e341ae8a86ea0d1ec7dbe2"
"5ba6694e70e62ff718e341ae8a86ea0d1ec7dbe2","ccd5c32c713dcc6e5a504f4e4ab89fa9e24872df"
"ccd5c32c713dcc6e5a504f4e4ab89fa9e24872df","57faa56c7f595c9e047851a98285966c997f3092"
"57faa56c7f595c9e047851a98285966c997f3092","d4a356b68b5e385918e11873d4e2423b4f9d1b49"
"d4a356b68b5e385918e11873d4e2423b4f9d1b49","109efc6862254d225b3a2c9d7928aa7e5f0a8f33"
"109efc6862254d225b3a2c9d7928aa7e5f0a8f33","c1b7b1103da910297db4ca0046762d0b40ea2e0a"
"c1b7b1103da910297db4ca0046762d0b40ea2e0a","e371caa6b1d9df80372ea0e50d813e5c01d590e4"
"e371caa6b1d9df80372ea0e50d813e5c01d590e4","5554e6b770e9f72f5b900e2217dc8df40dc9d129"
"5554e6b770e9f72f5b900e2217dc8df40dc9d129","629b7eb0dcc2a1b32e4dbc0292acdc364b4cae4a"
"629b7eb0dcc2a1b32e4dbc0292acdc364b4cae4a","fadf397e78debc6d223ae633628acae30bd552be"
"fadf397e78debc6d223ae633628acae30bd552be","c40ebc08eba930befd42a1fbf18360c0d18c2f1f"
"c40ebc08eba930befd42a1fbf18360c0d18c2f1f","a48910c900a72226d43fca9f9de2d617d2fb690f"
"c40ebc08eba930befd42a1fbf18360c0d18c2f1f","747a811757cc7a096f8db844f27b6a3a92d7d42f"
"a48910c900a72226d43fca9f9de2d617d2fb690f","9302b80bea1b0f143b60910353cd8ba46efecd56"
"a48910c900a72226d43fca9f9de2d617d2fb690f","74f5653785005ddcdabde8742f30ab4bdd2457e4"
"74f5653785005ddcdabde8742f30ab4bdd2457e4","dba080497e999e8dcc5467606f58accaa79a7b0a"
"9302b80bea1b0f143b60910353cd8ba46efecd56","0a197c2e6ce540fb0ab269f73bcfcaaca06ad149"
"0a197c2e6ce540fb0ab269f73bcfcaaca06ad149","eb735844852afb21d1ce4298ca73d6f19ee8fc4e"
"eb735844852afb21d1ce4298ca73d6f19ee8fc4e","dba080497e999e8dcc5467606f58accaa79a7b0a"
"dba080497e999e8dcc5467606f58accaa79a7b0a","e7d9cd7960e76bd73a0c53a833d4a6d431136c89"
"e7d9cd7960e76bd73a0c53a833d4a6d431136c89","d34cb81404cda841b39fe69ace6320608406edd6"
"d34cb81404cda841b39fe69ace6320608406edd6","1a1d76edc097f61a306aff1dd223509567fb078f"
"1a1d76edc097f61a306aff1dd223509567fb078f","0f8ac6881c9c01345b6a3b5be797b101fc48108b"
"0f8ac6881c9c01345b6a3b5be797b101fc48108b","25f4336bfbf072275ce698e3fde611fa9299a5a3"
"25f4336bfbf072275ce698e3fde611fa9299a5a3","c972ebe82505732733be70052f45b466039e53d0"
"c972ebe82505732733be70052f45b466039e53d0","8fe24c309238b5f3d28b65e3c70604e7f71c0a59"
"8fe24c309238b5f3d28b65e3c70604e7f71c0a59","b0dec4749704ea35007f86a6946656cdde5e5991"
"b0dec4749704ea35007f86a6946656cdde5e5991","46a05b13e15d6d300ddd263d32ee018cd49ec748"
"46a05b13e15d6d300ddd263d32ee018cd49ec748","5bbf61b082b73ea9257aa4be13a852b23bea6865"
"5bbf61b082b73ea9257aa4be13a852b23bea6865","b8fe486f73f2c34cd3bf3b5ce9e71203b2593a22"
"b8fe486f73f2c34cd3bf3b5ce9e71203b2593a22","6042db4b1ea1cfc70fff2ae57e21b35b6d2522d7"
"6042db4b1ea1cfc70fff2ae57e21b35b6d2522d7","be89adc3ff00bbcf03854e7feffdf63bb1c14525"
"be89adc3ff00bbcf03854e7feffdf63bb1c14525","3e1f3e3bc6cc2fd93ff778adde91203ca5e2ee31"
"3e1f3e3bc6cc2fd93ff778adde91203ca5e2ee31","89387281373760cd157e0cf79b6b7e1a20186806"
"89387281373760cd157e0cf79b6b7e1a20186806","5be751beddd0a22da6e506f82845e351e56feb4d"
"5be751beddd0a22da6e506f82845e351e56feb4d","5112832efac0c96ebcd7ae88d3d5a9a283b4666f"
"5112832efac0c96ebcd7ae88d3d5a9a283b4666f","928e18a7fb2dead2f0c22dcd7039527efcde2fd2"
"928e18a7fb2dead2f0c22dcd7039527efcde2fd2","1912a1904fe9f2f51fa942dcfa67ad986490f1d9"
"1912a1904fe9f2f51fa942dcfa67ad986490f1d9","1d3c920215c43449bf3dfa3b6b8eaead06a37b79"
"1d3c920215c43449bf3dfa3b6b8eaead06a37b79","3464f33e6c426ecd84643a225a487382f061ab5c"
"1d3c920215c43449bf3dfa3b6b8eaead06a37b79","de498aa4289058278cea4e60bcf26d10f967f2d0"
"747a811757cc7a096f8db844f27b6a3a92d7d42f","3ad920b6011b0abc9192f03c985d77976498f5db"
"de498aa4289058278cea4e60bcf26d10f967f2d0","3ad920b6011b0abc9192f03c985d77976498f5db"
"3464f33e6c426ecd84643a225a487382f061ab5c","3ad920b6011b0abc9192f03c985d77976498f5db"
"3ad920b6011b0abc9192f03c985d77976498f5db","f26c1ebebbf48294ee6523eaf96215bc12be2666"
"f26c1ebebbf48294ee6523eaf96215bc12be2666","adfa22c1f868e12b07c61756ca6459e3bbd4ea5c"
"f26c1ebebbf48294ee6523eaf96215bc12be2666","0eca9b516ca75bdc10c738fad14b1cbac762e2d9"
"0eca9b516ca75bdc10c738fad14b1cbac762e2d9","adfa22c1f868e12b07c61756ca6459e3bbd4ea5c"
"adfa22c1f868e12b07c61756ca6459e3bbd4ea5c","34a8714340931844a2a46496b99aea30e7242527"
"34a8714340931844a2a46496b99aea30e7242527","4902a9a8963a2c050b94af3d5df15d3bf210f67e"
"4902a9a8963a2c050b94af3d5df15d3bf210f67e","45273dc673ce24843ae6248e7ab9e21a24e63538"
"45273dc673ce24843ae6248e7ab9e21a24e63538","0575abea3fbda1e76498c7e9b1bcc205352b2077"
"0575abea3fbda1e76498c7e9b1bcc205352b2077","2254f1c710b84db8805ddc2d6a7aaea567ef22eb"
"2254f1c710b84db8805ddc2d6a7aaea567ef22eb","356a46f2760f392fda5e3523ae2bd3a9761ac6e6"
"356a46f2760f392fda5e3523ae2bd3a9761ac6e6","c8239c749d9c52ed5c9bd9af3bf2dd1900380101"
"c8239c749d9c52ed5c9bd9af3bf2dd1900380101","9ead8e1101851402b5366ba7fe5d1e432624aef8"
"9ead8e1101851402b5366ba7fe5d1e432624aef8","aeeba9dedd93a44cd3ac39b5207df324a349f5e2"
"aeeba9dedd93a44cd3ac39b5207df324a349f5e2","88d12c01bc78b6d3d274bcb74a9eb3130652bcb1"
"88d12c01bc78b6d3d274bcb74a9eb3130652bcb1","fec7a46dee53b10fe8e1e28f89e00cca90adf0d3"
"fec7a46dee53b10fe8e1e28f89e00cca90adf0d3","02b301fb5d5453bba56c2c6cf96436ffc913a34d"
"02b301fb5d5453bba56c2c6cf96436ffc913a34d","25e33d63e1402df890eabf2fa4e7954052d334fa"
"25e33d63e1402df890eabf2fa4e7954052d334fa","ca1626229340a19fc171f74119eb4f4619062ef8"
"ca1626229340a19fc171f74119eb4f4619062ef8","d1eda30e5bf5ee501702e92e3370beeb031178a7"
"d1eda30e5bf5ee501702e92e3370beeb031178a7","a95024b24d2b16b2efbbe118f45ca027470bccb7"
"a95024b24d2b16b2efbbe118f45ca027470bccb7","0752167e15c94a18a2928dc2b3c04eb48d8fd799"
"0752167e15c94a18a2928dc2b3c04eb48d8fd799","4af7e74adbeef407a30ce1c2dbbf87393c21d6da"
"4af7e74adbeef407a30ce1c2dbbf87393c21d6da","2eaad2becec176f3bda10108e12db53b672fcb58"
"2eaad2becec176f3bda10108e12db53b672fcb58","c4483ffeddd584b7280386a7f268c5f9d81d2ede"
"c4483ffeddd584b7280386a7f268c5f9d81d2ede","98adca0149694bfff20221e4e027b3b2fad6cf61"
"98adca0149694bfff20221e4e027b3b2fad6cf61","fd379392de5333e0d64c91c01ecf78194e82ce47"
"fd379392de5333e0d64c91c01ecf78194e82ce47","6b1300c3869c3784937b4750be035bea21731099"
"6b1300c3869c3784937b4750be035bea21731099","9f62d092bae50d8c5d2a9a5b79dafdabc6cec4bb"
"9f62d092bae50d8c5d2a9a5b79dafdabc6cec4bb","d8d4e7aa371f679e88391e5816ce113106f7ed94"
"d8d4e7aa371f679e88391e5816ce113106f7ed94","ac19c4be8f1cebc0f0018450a9ddc45650968099"
"ac19c4be8f1cebc0f0018450a9ddc45650968099","02fb8cbf9fc8914859ba044d9015e9e608c074a4"
"02fb8cbf9fc8914859ba044d9015e9e608c074a4","1f57841e0229da74cf79b43cdcefec62bc35b902"
"1f57841e0229da74cf79b43cdcefec62bc35b902","d597d90291caa8e8f7729c6dba7f4b40f456fee0"
"d597d90291caa8e8f7729c6dba7f4b40f456fee0","79cd11e26e1c70f812501a7770b213b126fdf6ea"
"79cd11e26e1c70f812501a7770b213b126fdf6ea","ad30062811b0214ca6595164e8ed23f59fd0b685"
"ad30062811b0214ca6595164e8ed23f59fd0b685","b591e69f612abf3d979f4eb6c94955949882751b"
"b591e69f612abf3d979f4eb6c94955949882751b","433ef5b2313e898e32bcda8b550cd17e375e0bee"
"433ef5b2313e898e32bcda8b550cd17e375e0bee","b0b7ddac80b9770dea2ee53783cd812c4fd67ccd"
"b0b7ddac80b9770dea2ee53783cd812c4fd67ccd","2b4e1ce6d08b71140534f69dad45e6fb8d586fcf"
"2b4e1ce6d08b71140534f69dad45e6fb8d586fcf","181620ba3abfecc6bf4a87fc35773da7057dd0d8"
"181620ba3abfecc6bf4a87fc35773da7057dd0d8","14ea5d74cc311318783c7a1c9bfda57d86a56a46"
"14ea5d74cc311318783c7a1c9bfda57d86a56a46","9f0bce820ded5f666e1f3b48fa97c0e7c94d916d"
"9f0bce820ded5f666e1f3b48fa97c0e7c94d916d","f82aed6f2248444c008da658ee73335c4d7bccaf"
"f82aed6f2248444c008da658ee73335c4d7bccaf","701ddfe5c9ae76bd211a0e57297493b7465413e9"
"701ddfe5c9ae76bd211a0e57297493b7465413e9","648c008d4ea801b94a0e1731823cb19c5da66164"
"648c008d4ea801b94a0e1731823cb19c5da66164","5b9bd239567df9d7935b949ef27f9c40ffee9745"
"5b9bd239567df9d7935b949ef27f9c40ffee9745","1250a99730408365f0879d5a568f4db22bc22328"
"1250a99730408365f0879d5a568f4db22bc22328","551f3dc6a2a4f66b5159b347ecf53630da73b7b6"
"551f3dc6a2a4f66b5159b347ecf53630da73b7b6","58613e4b1b1cef2a11382de8483914e4e1516749"
"58613e4b1b1cef2a11382de8483914e4e1516749","7f14282c76d909e1fa45c3d12a106f2e4c7c960e"
"7f14282c76d909e1fa45c3d12a106f2e4c7c960e","17634a736dd584b68a66dfcfd8718a13da9d5299"
"17634a736dd584b68a66dfcfd8718a13da9d5299","d21469eafd2c5784c84cdcdfb8b8b6e49b54f9ca"
"d21469eafd2c5784c84cdcdfb8b8b6e49b54f9ca","e76af4817fd486b5b3a1d76c80f7e65fed130a06"
"e76af4817fd486b5b3a1d76c80f7e65fed130a06","eaa3fd56f3841fa0b47d653b28ccd33c4c05026a"
"eaa3fd56f3841fa0b47d653b28ccd33c4c05026a","e963ab76550da4c95184ee390622e1d5878222a8"
"e963ab76550da4c95184ee390622e1d5878222a8","193372ba70e6768db1c97d1a16fc6e83297ee273"
"193372ba70e6768db1c97d1a16fc6e83297ee273","2ca576aa8d3ec2761e239bc431b87d6d324d3c16"
"2ca576aa8d3ec2761e239bc431b87d6d324d3c16","b67670858a22cfdfba4ec5e940dc832f02732563"
"b67670858a22cfdfba4ec5e940dc832f02732563","94dea1cbc9a0f29061c25b9da2815d3ba752971a"
"b67670858a22cfdfba4ec5e940dc832f02732563","ad73595b80bc7454c9aafc0b755eaf55b18bebf3"
"ad73595b80bc7454c9aafc0b755eaf55b18bebf3","4ecfe36050fd177f170c3ab2ddbefcb95b7aa375"
"4ecfe36050fd177f170c3ab2ddbefcb95b7aa375","524d9f7c9c04751698f0860e0142b7b38c078f38"
"524d9f7c9c04751698f0860e0142b7b38c078f38","94dea1cbc9a0f29061c25b9da2815d3ba752971a"
"94dea1cbc9a0f29061c25b9da2815d3ba752971a","71f32379c52041ba212ace6979a525c985aa8864"
"71f32379c52041ba212ace6979a525c985aa8864","9129a03737fad78e29c35689477267a64a8c7797"
"9129a03737fad78e29c35689477267a64a8c7797","e577a32a6280c76815d1825809abf52afb8ff1b0"
"e577a32a6280c76815d1825809abf52afb8ff1b0","fa96bed47856219f736bde74134ebe6d65733ed0"
"fa96bed47856219f736bde74134ebe6d65733ed0","db78c5c72c392a8e2f019111264b86f674deb0d5"
"db78c5c72c392a8e2f019111264b86f674deb0d5","1bd63e28e51fbc476122a038427cb5936b81ff7c"
"1bd63e28e51fbc476122a038427cb5936b81ff7c","13be6c7cf20140b8c0bf216bab81a405d9b54e66"
"13be6c7cf20140b8c0bf216bab81a405d9b54e66","7894c245ed9cf745f2ea0d62840bec042249caee"
"7894c245ed9cf745f2ea0d62840bec042249caee","e892251411c095b70aae319f6b075f615392d3fb"
"e892251411c095b70aae319f6b075f615392d3fb","808a5e8a742fab6156093b96ea651e23e31c40be"
"808a5e8a742fab6156093b96ea651e23e31c40be","f7403f445cd3d9897d683dd2b59ec8d2804de17b"
"f7403f445cd3d9897d683dd2b59ec8d2804de17b","20abd832eeeef7bc41b70c3fa9cd50275e633ca2"
"20abd832eeeef7bc41b70c3fa9cd50275e633ca2","9db17514a828f4455442086b81766d60b09bcd5e"
"9db17514a828f4455442086b81766d60b09bcd5e","2b097d7ff858b850e55d1e4674a1b997d0308b40"
"2b097d7ff858b850e55d1e4674a1b997d0308b40","0b3506bed35fae5b90015a00cd18e5d006972ef1"
"0b3506bed35fae5b90015a00cd18e5d006972ef1","9b7dcab9cc46486fd5a0d5d65cc2cd99facaee55"
"9b7dcab9cc46486fd5a0d5d65cc2cd99facaee55","1494ae21dec3a0f28fb516d12cfd2ad7d810c88a"
"1494ae21dec3a0f28fb516d12cfd2ad7d810c88a","77c5f29d9017fe685d4e5c60b634ce9ef4eaf1c3"
"77c5f29d9017fe685d4e5c60b634ce9ef4eaf1c3","6c24dd8aae6dabbdaf1a58cee30c01f9b16a6a82"
"6c24dd8aae6dabbdaf1a58cee30c01f9b16a6a82","3a9af17ff07264e2d88dab9741617ba237a49139"
"3a9af17ff07264e2d88dab9741617ba237a49139","e4a81255e9f33fa62af46ae875ae3d8a8e0f39bf"
"e4a81255e9f33fa62af46ae875ae3d8a8e0f39bf","8074c81919bcc4bfe9a916e931bba05b2568b03e"
"8074c81919bcc4bfe9a916e931bba05b2568b03e","d28fb3574a94e2f587a4b2eb3aa0a5ef95c097e2"
"d28fb3574a94e2f587a4b2eb3aa0a5ef95c097e2","92cfb5a7352751ff4e71c492d7ebb42e46468881"
"92cfb5a7352751ff4e71c492d7ebb42e46468881","027a6218e713ffe56786e615d67f11e9abaef672"
"027a6218e713ffe56786e615d67f11e9abaef672","e5ff2ed9002620b03d7623e5ae01b43f3290376a"
"e5ff2ed9002620b03d7623e5ae01b43f3290376a","c8c6f1132f987549e8fca88f47dc33b0e4fd1f31"
"c8c6f1132f987549e8fca88f47dc33b0e4fd1f31","d18c13704282fc6658a49f3a94451176e762a586"
"d18c13704282fc6658a49f3a94451176e762a586","31bb0d7a87646abc346061807c647561dd431ea5"
"31bb0d7a87646abc346061807c647561dd431ea5","bc75984779ad7037efe1b8339eb7f3bb2f80fe84"
"bc75984779ad7037efe1b8339eb7f3bb2f80fe84","7ea6b50b39b6058d423d71d30ed4068fba0f0342"
"7ea6b50b39b6058d423d71d30ed4068fba0f0342","79900f15d59e8730d3362bdc4ca04af841b57025"
"79900f15d59e8730d3362bdc4ca04af841b57025","f524f9452d97342f8ea7991bd09079671d6159e6"
"f524f9452d97342f8ea7991bd09079671d6159e6","a13660d508e880a3fd071e1671db77926cf2a9fe"
"a13660d508e880a3fd071e1671db77926cf2a9fe","b39627c6cd7153b9d048c2aff33966b191402a39"
"b39627c6cd7153b9d048c2aff33966b191402a39","3eab742bbd775f83b6a11fff2416be82e019919c"
"3eab742bbd775f83b6a11fff2416be82e019919c","ba41e69d96c7bd9b51bd162b90a0a07aeb781345"
"ba41e69d96c7bd9b51bd162b90a0a07aeb781345","f6237f2fa120e86700246962d572a568544b3702"
"f6237f2fa120e86700246962d572a568544b3702","d35ca074f4efb6f449015f244d595e0a7645a93c"
"d35ca074f4efb6f449015f244d595e0a7645a93c","ed0f69165b6429ffb8467d3596ff0e6391f98a35"
"ed0f69165b6429ffb8467d3596ff0e6391f98a35","880e678baa596d132ef3e68e177780980b3f0f40"
"880e678baa596d132ef3e68e177780980b3f0f40","08a167b54e6663f449ff69b8657f16da16afdc75"
"08a167b54e6663f449ff69b8657f16da16afdc75","8cd1101798dbb32fab529e21ef1400543f129680"
"8cd1101798dbb32fab529e21ef1400543f129680","842d28477dfb19368e6f70df2b234b6d9fd9576f"
"842d28477dfb19368e6f70df2b234b6d9fd9576f","b47cefeb0b946f7add98d832fb50bd887bda04f2"
"b47cefeb0b946f7add98d832fb50bd887bda04f2","87c0cff7196ea61483b128bd457f61e7957276f9"
"87c0cff7196ea61483b128bd457f61e7957276f9","6c4d227ed8fefea44943ab273f55e35679ed3511"
"6c4d227ed8fefea44943ab273f55e35679ed3511","27fbb671f8a7452504c75adf365d37211b0e4184"
"27fbb671f8a7452504c75adf365d37211b0e4184","60541ec6464b18d75275477aa672decb99c21a22"
"60541ec6464b18d75275477aa672decb99c21a22","59c874b64ead4c1e658a962779bb267d355e3303"
"59c874b64ead4c1e658a962779bb267d355e3303","22d8169c516feddb3681e3d733bb2644f5b40c08"
"22d8169c516feddb3681e3d733bb2644f5b40c08","20ef72bb503e762affbf752e8a100f20c8304ea3"
"20ef72bb503e762affbf752e8a100f20c8304ea3","95bf6055a9c29c707b0a498fd78d95efe51a7cdd"
"95bf6055a9c29c707b0a498fd78d95efe51a7cdd","48798bb993eeda3094ebb45f07fd1dd368a3cb15"
"48798bb993eeda3094ebb45f07fd1dd368a3cb15","c2e7086f199e1b8494b81456d5d20ed441517fa0"
"c2e7086f199e1b8494b81456d5d20ed441517fa0","8052caa2e6e70377efeeacb7d743262630c5cfea"
"8052caa2e6e70377efeeacb7d743262630c5cfea","183b15af319b8fa1fa5f4e978b7fdd71ec642b67"
"183b15af319b8fa1fa5f4e978b7fdd71ec642b67","69ae8ff353bfb96c31938137feb1ffc5ae0dfa2b"
"69ae8ff353bfb96c31938137feb1ffc5ae0dfa2b","1b0fe32eb4d87605b630d386d258d0bc1d6dda45"
"1b0fe32eb4d87605b630d386d258d0bc1d6dda45","637acec3d72385bd60c4c2c7c53d3c83328eaff2"
"637acec3d72385bd60c4c2c7c53d3c83328eaff2","f48023f0176cb51e4500813c3d1c578e908284ab"
"f48023f0176cb51e4500813c3d1c578e908284ab","d35d1c1aa2e386ee4b3b07331819c1a6c2f7f8b9"
"d35d1c1aa2e386ee4b3b07331819c1a6c2f7f8b9","0dd6a55210fe1f8ab9daa3db524cac9becaa382e"
"0dd6a55210fe1f8ab9daa3db524cac9becaa382e","fa2257fd28abcad4c647ade9a391d5cf50e71de1"
"fa2257fd28abcad4c647ade9a391d5cf50e71de1","75aa5c30de3d9116b29066403bea175466e534e6"
"75aa5c30de3d9116b29066403bea175466e534e6","299e67741b0788b0f27b05bfb9d7d918c9d1abe6"
"299e67741b0788b0f27b05bfb9d7d918c9d1abe6","b176a4c08252f39354f6e5451c36e9f5db5ab677"
"b176a4c08252f39354f6e5451c36e9f5db5ab677","69aa8bfe1ab9699de714bc9e0a798d81d150173a"
"69aa8bfe1ab9699de714bc9e0a798d81d150173a","7ed1adb5124d0704085204abf73385e46cb44af5"
"7ed1adb5124d0704085204abf73385e46cb44af5","13073ebe409bc09aa71afec25f391fd3a340588a"
"13073ebe409bc09aa71afec25f391fd3a340588a","0b203d4724f5af56c0bee151b782dad49eef99d4"
"0b203d4724f5af56c0bee151b782dad49eef99d4","f3c775cc9da63cb4109bf2061ab0a8dfee054de5"
"f3c775cc9da63cb4109bf2061ab0a8dfee054de5","501d8b9e4e26d28b8926f7e0aaca00981be1543d"
"501d8b9e4e26d28b8926f7e0aaca00981be1543d","4ade66991935240d7d4a74e06ced6fa117a878cc"
"4ade66991935240d7d4a74e06ced6fa117a878cc","fcf70435546786210fe26a33acaa76c29cf97eaf"
"fcf70435546786210fe26a33acaa76c29cf97eaf","55c94c77645ff610642e82a7b5cfbca44e9d27b4"
"55c94c77645ff610642e82a7b5cfbca44e9d27b4","4a6d9a80d5c963612bb37fb4d0e5117838d74517"
"4a6d9a80d5c963612bb37fb4d0e5117838d74517","62966475bfe44c9a0793f9b81e7606d67774a4cd"
"62966475bfe44c9a0793f9b81e7606d67774a4cd","c65211f7c8ec8ef017707938a754329e2e4998d3"
"c65211f7c8ec8ef017707938a754329e2e4998d3","d0526c4fe4ca19cc254b01fa9ab2a5c5e0eda64b"
"d0526c4fe4ca19cc254b01fa9ab2a5c5e0eda64b","8e7efb9c9a03b0ab12150c61c9ed58b525425e3b"
"8e7efb9c9a03b0ab12150c61c9ed58b525425e3b","0dcf846329e7d2ca785828248841336c20c4eb4f"
"0dcf846329e7d2ca785828248841336c20c4eb4f","bd835fabbd4844fb00258a9fc963843c67e78ad6"
"bd835fabbd4844fb00258a9fc963843c67e78ad6","75d239737f396a18e409a2db50761dcf422cc578"
"75d239737f396a18e409a2db50761dcf422cc578","3ef7a3e7f73442092164fdddd7b97387641352d5"
"3ef7a3e7f73442092164fdddd7b97387641352d5","c25a73c796dd18508f1ffe6d8bb5674adc710606"
"c25a73c796dd18508f1ffe6d8bb5674adc710606","5ce0fe768a169f92ada084624390e334f78bf1c9"
"5ce0fe768a169f92ada084624390e334f78bf1c9","827931b200b65533842e78de37c6035832fdf288"
"827931b200b65533842e78de37c6035832fdf288","5e4663dce9be2d7515439ed83e731426fe8115b2"
"5e4663dce9be2d7515439ed83e731426fe8115b2","efe0d54cc128d2d017dfd4591c4f0f0a184b01cc"
"efe0d54cc128d2d017dfd4591c4f0f0a184b01cc","85a0b396f6d2a31e59e74972a53090c5efa249c5"
"85a0b396f6d2a31e59e74972a53090c5efa249c5","460fbab46c7a3b8163455339ac1d74aa69d41635"
"460fbab46c7a3b8163455339ac1d74aa69d41635","9d3b07c6657e7714485d3b4593fcc2e23ec007aa"
"9d3b07c6657e7714485d3b4593fcc2e23ec007aa","1fdc654e20cd3be57f69c95beb1c012bfc4b89c8"
"1fdc654e20cd3be57f69c95beb1c012bfc4b89c8","dfca71943ae15abba2d06d2ed819f5c0bd793e9b"
"dfca71943ae15abba2d06d2ed819f5c0bd793e9b","dbca538d0b9144ad53b181d9b3e401ecc33e0498"
"dbca538d0b9144ad53b181d9b3e401ecc33e0498","ef8bae0cbf168f726a52b098218c837660a4d81e"
"ef8bae0cbf168f726a52b098218c837660a4d81e","37551b6c269bd6f2d92a8b64a72952abd29941b2"
"37551b6c269bd6f2d92a8b64a72952abd29941b2","7818a5845fffa305a29f7b386a1978dba6d8d252"
"7818a5845fffa305a29f7b386a1978dba6d8d252","37a920ff3d3f9e7a480957a802fdabd00856e633"
"37a920ff3d3f9e7a480957a802fdabd00856e633","4c0bbcbb3f69703a69874819244078139f6d6aa9"
"4c0bbcbb3f69703a69874819244078139f6d6aa9","4e21ede1eefc5a3b733f0f91a72e1493ac91417c"
"4e21ede1eefc5a3b733f0f91a72e1493ac91417c","2d1cceaf751554c9b72c3019fb7ad2ae5721a710"
"2d1cceaf751554c9b72c3019fb7ad2ae5721a710","3b1f6b2353daf04ca6414377a42a2a932b017c86"
"3b1f6b2353daf04ca6414377a42a2a932b017c86","7b440d8ece936a4dcf9f482f0bd87b6f82b1e834"
"7b440d8ece936a4dcf9f482f0bd87b6f82b1e834","cb29add9ceb07ffe4ee0933b4b28e1b930526eb4"
"cb29add9ceb07ffe4ee0933b4b28e1b930526eb4","2b00ef014de2851cf3b322a14ab1080e97fd41ed"
"2b00ef014de2851cf3b322a14ab1080e97fd41ed","5641333cc5919cd7c840d97caf914af62de91fab"
"5641333cc5919cd7c840d97caf914af62de91fab","c400f8e69fcedaea5d172b8813cb9d078abd429c"
"c400f8e69fcedaea5d172b8813cb9d078abd429c","143595cd460886a0fcd5975ecbf9930bd244274d"
"143595cd460886a0fcd5975ecbf9930bd244274d","9918d58741b592dc4dbd9fbdd32d1527e7ce226a"
"9918d58741b592dc4dbd9fbdd32d1527e7ce226a","21cb52bd6676c056187fe7ada1d18f54465c0754"
"21cb52bd6676c056187fe7ada1d18f54465c0754","8a7eb5d112d74077aa565878fa65af9628816fe9"
"8a7eb5d112d74077aa565878fa65af9628816fe9","9fe78a11aa4ca38c498f1ae3d432e5f9b220d5d2"
"9fe78a11aa4ca38c498f1ae3d432e5f9b220d5d2","a950a508022788afe71f3acc181e381234b7fd0c"
"a950a508022788afe71f3acc181e381234b7fd0c","3963fe2fd2fa38317d720d9abc9eae5717bde1f2"
"3963fe2fd2fa38317d720d9abc9eae5717bde1f2","18c04ab3e6d1efb8e51a21fc00b00e7a9222866c"
"18c04ab3e6d1efb8e51a21fc00b00e7a9222866c","c8575033bc6acad94862b8e38a9f2225a6ebd03e"
"c8575033bc6acad94862b8e38a9f2225a6ebd03e","9a2091283a80004843ec8e67fc0ab214e3254a54"
"9a2091283a80004843ec8e67fc0ab214e3254a54","98a6b81ff7aaf2c41207a027df3661d45e44c31f"
"98a6b81ff7aaf2c41207a027df3661d45e44c31f","4a3d2caf0e1a07459e45fe3924442cb4f9be22b2"
"4a3d2caf0e1a07459e45fe3924442cb4f9be22b2","a2e6e2568941ea36ca56af0825d621697b837927"
"a2e6e2568941ea36ca56af0825d621697b837927","7571d499150758c4e3ad36b8d1adbc68744991f9"
"7571d499150758c4e3ad36b8d1adbc68744991f9","67c486a5cc1f26be29d8b92d054cbc2414848131"
"67c486a5cc1f26be29d8b92d054cbc2414848131","85ed7cf7d038299cc025afac554615842d6b2c97"
"85ed7cf7d038299cc025afac554615842d6b2c97","645d5eab971cd6a5fa09d92b62b7d4285404398f"
"645d5eab971cd6a5fa09d92b62b7d4285404398f","1f53f4ed673efa96d6cb7872242cfb5259444d14"
"1f53f4ed673efa96d6cb7872242cfb5259444d14","c93c6e0a0e5273afa95a7ffee7988b0ef4fe110e"
"c93c6e0a0e5273afa95a7ffee7988b0ef4fe110e","661c8895ce21c674b5a13aa0d40d01f4e010f3b8"
"661c8895ce21c674b5a13aa0d40d01f4e010f3b8","ac458a9b501a0c5823d3232006342f89da200357"
"ac458a9b501a0c5823d3232006342f89da200357","a446a643762658a1b0fafec46027419c178420b6"
"a446a643762658a1b0fafec46027419c178420b6","eab0a6ecbd84a9e2fb7a17c6dafe700d77468956"
"eab0a6ecbd84a9e2fb7a17c6dafe700d77468956","cf4aab75f83acc68346bc8a29aa9b73a1cea4f5e"
"cf4aab75f83acc68346bc8a29aa9b73a1cea4f5e","ce01cffd98b0a673986a570e752cb46380506cd6"
"ce01cffd98b0a673986a570e752cb46380506cd6","ac1e324a20ea06c920ad477de249304eca3a50a6"
"ac1e324a20ea06c920ad477de249304eca3a50a6","1f35b7ec9ba5d1b39730896fc3be4d4abca762cd"
"1f35b7ec9ba5d1b39730896fc3be4d4abca762cd","ba88a78c735ed56ca0fee32906d92366a785b2ef"
"ba88a78c735ed56ca0fee32906d92366a785b2ef","060586c6e6ca38cd1d6522addd0b5c6c5f66e17c"
"060586c6e6ca38cd1d6522addd0b5c6c5f66e17c","f1012c9e86793186c9ffee376d61936a8a70ae03"
"f1012c9e86793186c9ffee376d61936a8a70ae03","113676eed7e67a85adb45d6e684ef199df1d9310"
"113676eed7e67a85adb45d6e684ef199df1d9310","3ea2ec58108cf20484e98576a8bc0937b715adb8"
"3ea2ec58108cf20484e98576a8bc0937b715adb8","1ec996fca7fdd779e0bf5e9331bcefdee9d88d3c"
"1ec996fca7fdd779e0bf5e9331bcefdee9d88d3c","2ecbe72f05cb9995fd78cfb8b7ad1dd321818adc"
"2ecbe72f05cb9995fd78cfb8b7ad1dd321818adc","a694a677d8d2d0712df5f01fff30d417dd31746b"
"a694a677d8d2d0712df5f01fff30d417dd31746b","15c65c4b0bd6e68a26ffc1269c767d832c68eaaa"
"15c65c4b0bd6e68a26ffc1269c767d832c68eaaa","e5bf70285422a4bd43564c90008a37a65382ebbf"
"e5bf70285422a4bd43564c90008a37a65382ebbf","a9d66aa7c1a7ff0c507c96d0875962e941296a1d"
"a9d66aa7c1a7ff0c507c96d0875962e941296a1d","8bab13ee2f5d08c6ea38a06d2bff6b71c299ba87"
"8bab13ee2f5d08c6ea38a06d2bff6b71c299ba87","41b6b3abfee61db4f20e29773398a176896064b1"
"41b6b3abfee61db4f20e29773398a176896064b1","0c8c74aee2470a19d0100885c2911a5873fdbb8e"
"0c8c74aee2470a19d0100885c2911a5873fdbb8e","06498cb0b36885d9f30d793eb9682ed7d2186f8b"
"06498cb0b36885d9f30d793eb9682ed7d2186f8b","9fff6898ef5a5731c2b5dd3c5407ccd379179c36"
"9fff6898ef5a5731c2b5dd3c5407ccd379179c36","188f439b685d0d7e3e89b2e959c8cd29ea00cf55"
"188f439b685d0d7e3e89b2e959c8cd29ea00cf55","ff7dc14c2d70f0ca0a2b4aa43c5be90edbce7ea0"
"ff7dc14c2d70f0ca0a2b4aa43c5be90edbce7ea0","f1ff244c6acf10fd678e559ea53f4c0d9fbb836b"
"f1ff244c6acf10fd678e559ea53f4c0d9fbb836b","dea9714e6680287044d7f268696c32be520e2ebb"
"dea9714e6680287044d7f268696c32be520e2ebb","515c6a15cc13a17c5a449188da759165de201e20"
"515c6a15cc13a17c5a449188da759165de201e20","ce64b0e6410a66f5d8377aa3d2769d3bcc99fb61"
"ce64b0e6410a66f5d8377aa3d2769d3bcc99fb61","6a79b02b4c8bbc8388e9801417d89e9d9574382f"
"6a79b02b4c8bbc8388e9801417d89e9d9574382f","aac688c1b5626e234c63ad4bac7f441beed48faa"
"aac688c1b5626e234c63ad4bac7f441beed48faa","dbd85ae0ad986412969ee8e2984e8b639a865c3b"
"dbd85ae0ad986412969ee8e2984e8b639a865c3b","ede9a3de4619b09d376e7eb6275d614adc986907"
"ede9a3de4619b09d376e7eb6275d614adc986907","212b06da41be2b1b1e6e555b322e0908c585ab8b"
"212b06da41be2b1b1e6e555b322e0908c585ab8b","aca23da58ec6977f0110a3a2d7545bbaa972cceb"
"aca23da58ec6977f0110a3a2d7545bbaa972cceb","97b43d867080726f0dfbb6f1581adb2075594c30"
"97b43d867080726f0dfbb6f1581adb2075594c30","1462de75a9318198bb03824b54ba9791580e47e0"
"1462de75a9318198bb03824b54ba9791580e47e0","50a9ada2fffc5580126c87975bf13d352373147d"
"50a9ada2fffc5580126c87975bf13d352373147d","6bb8d0ab4dd8351fa8cc577e88204f69ddac5312"
"6bb8d0ab4dd8351fa8cc577e88204f69ddac5312","853f5db290708f2337f6fb9cea691e0f052ec702"
