"hash","id"
"6865bf5ee2bb254bb2632adee4e707e4b2632b70",966
"c45f6fe8011d40e67880e2e9184fb0bdfbc80e01",966
"0ac581c37e8964cc7cf1cac9817af0bbc9eabe20",966
"2691025402377ecfbad8fd3c3127eead9ef7a16e",966
"1d5a742bb78d1780cba11d726fb002cf7aa6ecfb",966
"e03abb8b00ead79ff5e3a1a16d47b0d98f23091d",966
"93bb4c8b93f057214213cad81e3085a054831cde",966
"fb6c43e586150e82fb0a1e077cfef86eb35a4c55",966
"899283e6ee5b5a2d7aab1b43e69f803ae8f2dc06",966
"0ba48dd9389b4afaa5c6a9dc33d7d12adc3e2833",966
"004d8f4e734ffa68d59d6d7a1a326444b5da0448",966
"2649a53fc424b2e39f950520e0add9c7be97a1dd",966
"208652fd0cd76b0f6bf9f1f759fbf768e6b2958a",966
"de3f506b542a9af9ff4f78da1de777860888520e",966
"d5fa9db49759a8d78e965d966d2fb942745957b3",966
"5c41303dd41bf4e037acb8853f370a68b48b3497",966
"a211adfaa33d96565c57422605d14389b77d4826",966
"88936d55740f9710b3a5a245e60b5d44e07526aa",966
"ddb23805cc854ba4fcd771f5d50355cb262692b1",966
"21f12d87d0b5a09c1cbfb27d7913f679612fceba",966
"0d4cf8611efb81aad857a6d145f23188713afee3",966
"77b01a35ce77cfae24a2292e9c28b26bcddd7579",966
"20905c3048486603890004d656a1eda1821beeb8",966
"11b66a6d77167b5347a804f0f1eec5c77f7b7084",966
"241f043c9e31d6ef91a2152260f1018500676aa1",966
"665299ff3312afe65c8495e71caf326a99ae479b",966
"c46d1fafb8bcb803ed02ab0fa7d3cdf9fc0fc32d",966
"5d6525cff31b5127f3092da6b00379b4df0ce668",966
"a2a152fc554d22a79f9a9841d4f243e39a8a030b",966
"0b4194d1d9b91cf10fc9e5ed8f7ff6fc459e5aef",966
"e962956bcb80042aff8a53b7a91ce20818ca4f76",966
"a153a25123f57a5635505287a005d536aa244560",966
"0500b7e48e9a02657e64a1b4b5a83d67a61d1f15",966
"58820cf8e77f5339939954586740a838e6553dfb",966
"e9060ca994a6a05973d9405780714573b1dc26a9",966
"8370d8c7a112c044fa65b759c1a880ed03e782c9",966
"47b4a4962e727659bfa78b280977e3614bcc5045",966
"906de40dcd66b115a28b1cf71d06743cd7f877b0",966
"0f997304c4f1a93a478d65837501363d2ef5ce0d",966
"2678eea6a783ec4753dbbf77f13a8a0333e5e80b",966
"fdf2e539893c37953a68e6f428fcaeed6c9a968c",966
"00bf07bf07e52773e72a3ae24df6147f2361c027",966
"6b4a92bc372f0ce7857d2a1218242c1eec3e3890",966
"0699afb3cd765eff25cfdab01e8379a05f0bdfd3",966
"3f843fcaf7bd3bc5a4624ce38092b1c523847963",966
"55d779799c6470524913565095ecff6a70f4d97d",966
"c7654ce1e85e1a99f0266db0aa039f1617ddba1f",966
"28eca7b8ece7d1cbd1f9cdb343fe9ec9ad3ac692",966
"4be68d3bac9164afdf4d320e08c760aa93b71c95",966
"4c64696f409a966dbc1e5b4dae3768fc1dab5777",966
"01fc1925326b1721b8847d6ce505d0aec7f7f14a",966
"26276ada74e3ad1ab821376f3cf7f82cb7109445",966
"0296497e33d7e4eeaf29b178973705d7b8f54676",966
"87477e305a431dc1cae7acae8b3801a775efb619",966
"1716d5b99b8d56455325da3f36a788e3cd8d1cff",966
"95795dc0187dacd98a22c372573f1eaafb65729e",966
"fe416e4cd2cde3963d8bff3f3035ee0892ea61b2",966
"c9f9bde66d55c70b33215480b0ec347e391efd54",966
"7dad03d2ffee1cc5f645626f96fceae7414c8208",966
"4cd473a9be0cfcd6c28fcab0c7dbbba2abd87769",966
"5f34f86cd766fc571734f98fe93bf283ea4cf83c",966
"cdba9c5ca5ca08ea195f2f406d07eb5d69377e73",966
"788cc1cea51846dee537d4138702c00288cbdde2",966
"73e3b650abefa526887f3374dbfba40e4312a3e6",966
"06f7f992578f11d7ae9960d54318c8d92a1a7390",966
"dafbbe54fd7b92a5f57bd0a9d57bda9b5385e107",966
"5b3924d6496ad3d2a9a639d387a643e1d06280e2",966
"7c18bdfb0b9738f704a7a8d3b6208c5db7f61bbf",966
"e93cf394297df731166c3577acee1b9a0f43b695",966
"5bb44aff0deb582681c656a2a20442ba7e263829",966
"5eacaaa211c5f909a349c5dad44e6f2cbfc290c0",966
"86b3f9bc4f6c02f929886583c0bebfd5a3053aa5",966
"e5c110c7a27fdd4448847c3e8f9414253380704f",966
"04fc9087d88c2a618cb1bf256dd58787b02688b3",966
"83ed5c9c43403c29ed6513a3c9c824d62b91932a",966
"2900d14ae664b8225c386e3f87978848381eb2b4",966
"1bb1c1ba755e45a257ebcb14a11560a8bc8f78ab",966
"2e5cc01db49988904d2ea943e0eb222ace5536ae",966
"92895d9f6741d27c490246087b2b15a7d257283b",966
"a414a89471787f6380492fb947f587c231a95a4d",966
"9a0fe15a9fa4dbb5aaf6141411678f90e8efd220",966
"874f4d3007fe4c0e210e61a4f7bdc909f0eb352a",966
"316b99d6ba22e426a7ee14940693ed028e522782",966
"a5b3aa613641031995d14c525a7cbfb007420087",966
"02f1f79f244a5c22521158318119b9eebe4ca7ae",966
"340ce942ce60fe54051793f034867ee96102cfe4",966
"453173518052f8d6e652ad83465c4a4c44fdb9cf",966
"7c5c742d5b204290aff4608c9965ab9c303b81a9",966
"ed99765469c14fdb4ce0298233ec53f7d647d532",966
"122ab31fbbcdf9305779ebe19bca89afa5291f6d",966
"a1c00395acde630ae9e6534144296e78dd6f88f8",966
"e1b2ee7f6a93f355674d5a10d78cd59754ffda87",966
"e1b8b7f5dd7159ad6a4705742ed53cffe3ae3549",966
"3ff45dd05d808b8338dcb2c07925fe9e961abc22",966
"1288dd38ee74caa41bcbdf2139b7d5be3b691602",966
"526c70a5ca205922f1e20619934bd251069ecb71",966
"ef437417f3e6ee45f7f47367615298452bea52fd",966
"9913952abddd6e7524f7a7ea4cf11d7c73653214",966
"ccc45f1545c9d3a7df82574d2053bb9a55a0623a",966
"03b24b42e0c662abd997c86f25d8277811e45546",966
"4a2ca82badadb95807dc83c1fe5b8f04876dd8fc",966
"19a504dcb72177ad8a32dd56c0f904f22de3de5b",966
"6eb647a2eebcc984a145c7e3bc76d9e6d7c0ec11",966
"33b359df105221916d3c4bff43b870a370ed80e5",966
"4b01c9d7b755e25263e9341e09e219c8b03cabd7",966
"c07e38669202a4d8cc50c770df2f03c86e13df45",966
"50ebd9f466d21ec4054adb669eb4377fd60ae05e",966
"25c4b3d86f28b7f294e20b8f89c48b3860eb9f7e",966
"767f87d2624801ea572f685b533aa129e1657e2c",966
"c84f80a28671ef1f94408c2e537608993fd57a2c",966
"910fa01b2a531d9f045065a6334b7ee81a91b1f3",966
"62aaeba9d27005292adda889de281e767f06b5a6",966
"5e697858949849e671be6c6e19a396b869e6ffec",966
"fe76a5dcbf36ced4544e22853eefd5eebc9d7975",966
"df815bc0aff8cb7a3502c829d84c1f81ef912266",966
"601e2e95386c24befd12c77733e7cecab4ec39c1",966
"8fd26cdb046ab1f2da4e198a494d65dec1985130",966
"03bfd9cc5400dbcb2bb6c5d54eef699ca936a5e2",966
"2ec4e58cab72596db81030f127a6e939aca7c683",966
"979e8ad9ceb9bb3acd582972df4789c42784934b",966
"fb9a20d792ea83a34d128082d9eaf750ff2877a2",966
"941508cc26936e1261c257e01a3477ce91ccff83",966
"c8cb7932beaf8d2df7792d823d61d2786f2c478b",966
"5c381242628b1279aca4f85afa07ea5e69625016",966
"8ff5ca520010179273dc0aa6bad1970a41efa838",966
"70b04802d61631e3a85cdcb312f92a1b8683ed71",966
"88034c8f0b05c242cef62ff9f0181aa0e18ed5e0",966
"6c44195a556bcab94a41f7292dce91d61f139fdb",966
"778193b76ea0b78a3fba607e87ea3769868b1e39",966
"9bf52c4546dc35f981a794125a75ba7eea78b2e2",966
"b488431beae30b186ad82d5209a3d1800529fdec",966
"4a08ace84fbf7fbd7c57f1441690de0f2d7d453e",966
"299f457dd2cbcb7287159553e6488c4891e2fc7c",966
"b8df8cf5d5fc3915b7c407e79c874b2720e231d3",966
"f3a92a9c3ff771cd1e84e9387ff7e7c364241fbe",966
"2e4054f3b60d698e7fa06b0860dfa63c5ba077b0",966
"2f48c536202febecbebd89d160c14438cc871f11",966
"6ae6806e79df5ce22e90b65a4e0d9c5c30652c60",966
"19017df31a5738483a9d012f82cf434c64f30101",966
"af65f6d765f9c834b0a88524a381719fe1f6b869",966
"3902c70ef5c000de47fadbda025ddcc816001398",966
"17b47043681058e34cf4287f98a9d13ca6de58bf",966
"61724f1439816ca7c52279495a63c6219c56bb7b",966
"6a94af9787ebae4d16e2bce93f63c20ff18d7297",966
"6ee381f125d8eb338353f4cf205bc8cd9e1937e9",966
"f075ceb0f5b5ea2552869d80f437535f305846e6",966
"057d48d3e18109b26e70846db59acb48ef82492c",966
"3590f8f587710f42f4149ce89ed7c7296981b9b0",966
"eefa79354b6e740dfc3b317138a9b8408fc11432",966
"3f2407c8066bdd3527402e2e74f4c6724292c1c0",966
"2f55aa5ea3be3e4772bb9aaf68721537e1824895",966
"b092e79814c7c23c92c95c0e48a4680b9c225145",966
"2cb3d7a762c6bd380212ebcbbf554602aded1782",966
"0c0a63438cdeab4fc8e79861c101b38b3d9b1c84",966
"209b9d08288bf31822c21dcc835728aa39ac3989",966
"92ef483d7d1599462f8d5d760da410921b9b07f5",966
"635a5f46071ed61cd8e33ed9afcfd84c169c888f",966
"61635afd836ec0878aaffae75978cbec19e49c8b",966
"f848202ddb9e520d3c28d0002a4f8db2cf309714",966
"3d1e5a73208b914f952e8772fa6ba1b7f11323a8",966
"0a8350be3b343f7a4fd023c30dcf7ed83b70be8b",966
"63bbba9607fe0a47b9fea44f93af10e128467e1a",966
"ee096692d882cca5ba90e490e1784084df468a0a",966
"8ea57e23f01776f6b5266e1f14fedcfb554c79d4",966
"1a4dc5a4aa441db59163936afadb64c3d67838a5",966
"fedf79b7926b5ec5d507699c01709388f41d87c2",966
"fa6110a513f45248a194f5387be5c76040dacd54",966
"b86ef8c6d6415229fd8f178052567bc4502ba7ce",966
"20c0983fed49deb5e648bd2eb5692022f41086bc",966
"0c0ef5a9234f88411a0462abef5d06f30da4fc4b",966
"15ad482556238506ee795bbfe5ecb3ce931d14f2",966
"9bf87593890f485f444c98cba3b07717d915850b",966
"cb0864b75e9cf1481b235327ed5b45799706cdd5",966
"58cdf933db67353ef50e9a654f8640c5b7e8fc86",966
"b29c90ac07ed4e801118dcf77f5f267d15d79ec0",966
"5b405f5d8d423073c73934212a8b3bdf3fa70ba3",966
"4bc515311cd2161900b41cc0827b40357c167a33",966
"92e754caa1fd0b93b759c5209a1afa88069f14b2",966
"bad18c3b26ae97aa8eb0b25e81b3b03a91c7cb53",966
"0be28cb1e86ccf165027c859a8164cc67f6917a2",966
"d35cc86131f10b350c914804f168b6b6e7a5f4ef",966
"8b32f1c07c65023f80e5a394c772fb6a308b4501",966
"3565014c7d9b67e72f9d07747e9ca2369ba46e06",966
"9de984cfb28697c9a1fd3656b412b6b340c3df1a",966
"8e876028cd17725b0faa1544c704eee4f7538aa3",966
"81d49261153659fdb51401b4327bf672785a4505",966
"6b11125cad59c8612608da7146f564ae4ae3e882",966
"0ccc8580d65cc49afa977ecb0ca60de8556f59b6",966
"23e1c144633c72f89df8e91df3869a308c5a44fb",966
"b0300db038c6aa978c6e6c412429298cf5346f34",966
"f656ac5bae072abc71d1ea53da6eb0eb22db533f",966
"54a3b9a0f442bf6f64b2429e0683bbcecad62787",966
"22c6a9abda12dfda25291365e50b295c19db9be7",966
"233e1e74f652aeec3d2feedb8893249d23de2fea",966
"e5d40dd988ba7eac41411205dc265612040647dc",966
"e8435fd551cdec8f817f2b1fc163ac0e316b45c2",966
"073de3c3746640e0e24ee7d437bfc6a7c9fd3349",966
"dd7227c89a0cc6d235438362e3623e3309660639",966
"b657c72193f32fce002d4590648ae825a4dbcce2",966
"ac7066bd0c870e6579074ce1ecfe5cd2373d3e50",966
"f19090b242de22102267ebc7b7b2c10d1d1f1637",966
"252f0e1e91353c372805b25b5dedb18a686fc908",966
"b0901daa23236067519b098fef17304a415ebc5a",966
"2c03f8ffb00b774da18b6e48dabf862e849dc8de",966
"fdb349ee3ee4147b9332479966e312e75c90f798",966
"1b916a0a7cc90100b34d5578ccf0a347dd9493e9",966
"63fd1363a8cdcc38d6d1bcbe709a6c9153447866",966
"c7339f16917d4de19d213625e7a85f8adc502752",966
"5cc7442eab95f68d27d355e58d638ae6512cfbba",966
"1c007c47b9fc19f3d26e77c8310f3113458a8e63",966
"cb0902f996a9a29860d700607e7957dc06f25970",966
"5db4b38702580379885f249a75d15acf48b19351",966
"59b5d6b63630c7838cfc334626c8e44f8dc2e86d",966
"54d4aeda518cd9b4ce010f7d6ea9b0d464367629",966
"7561007aeee07416dd1ba64e1911628830d65b4f",966
"acd4fb35b19f722772f69541afbe9c7b86605552",966
"3377a32b13392c1dbfe6f5cdaee9a1b4582dfb72",966
"1dc5e78cc9875d3640bacb3dff93ae4948a4476e",966
"23690487730752d201a34f77f6107967bd837358",966
"a529ace74885e3d99996b85657a9e97d31719744",966
"c29db4288619a52a6e00d25d4dfd5f560fbd0ff1",966
"20f4d62f095aace6af6dcedd89a9b2d17824feb1",966
"d9ac75dd9b9b1dc4235a44d128b56679773c4f2b",966
"c946528945485a860ff06aa5e945b108a6531165",966
"8227046edf6066c263d935a152a09c9bc49651e9",966
"d2107607b065abb77479b83e562c8cf0575dc42a",966
"573327c80b006f1c902e5a1a84e76b9459a75323",966
"af75599290065967807f8e196f6b7c7de61effd4",966
"6c3e2eefae3cc9d40e6f91e7e1bd63aedfffb2e7",966
"31761431f38b6bf82147ab30a6c64d7736205658",966
"ae1c9d48d7c53b2baad911bd4607fbd9cccae86b",966
"4ecf9623166166a5879641e0513f3c87569f6621",966
"bb05968dbc7fb6cfdfaa8844f9d3b43675fb1f99",966
"91f8d38cc4f6d37ee01699763b0ad5641786d2c9",966
"015d27c023a7ac3e238f1db9a2bbc8fc160f988b",966
"886c89a850035333c07ceb32920ed204ee6c4a8f",966
"1f9220991e07c83d96e3932f05a28d5aa86d8860",966
"3c09d47bc51dc9e079ed1b0655a9d3c6dd7e328a",966
"f3ccdb570dbccafacb2408e15da51245db817c19",966
"e28022f20972f6b944b8b2e28ddf0610d48ad44b",966
"a04e97331914bd2b1f87345bc8c5d121f263b090",966
"ba4691133de9f786ab2bcef6025152c955b145e4",966
"4b76c9a29e0cb82dcaed4ace4110de6b4d983906",966
"9ef841120d9d421a1e371da12de855cdfba3814b",966
"633dda668a5d39253f5f3f682fb781a5992de62c",966
"cb0f424fe42011c422e387086c4f8ed6c6447ab1",966
"38aa96218c4c4d28adfb0111313dba260f0d4625",966
"796006cfa4dd3f50b62de444ccc0c307a8a0194b",966
"7f30c6dcff8b3c8b5565d35716b2886c21b95e81",966
"89ac71a894dc7a53b3bdfeb84fd3f11df725d0fe",966
"e88ab9fe8ba7ecbc0373ddf5b22abc1da20fd86a",966
"9507ae9327eae3b7832a525d67bcf8123efda597",966
"bdfbabe5c7c782b8164b17fa17ea9881973d1404",966
"f23247ec56256b6161d11ccf1be302b078dceaaf",966
"71b5cd74b4f062358ab80254f032d0b01aafa901",966
"63f94b764a5fca29d8011abf02de78e8f38b89fa",966
"fe0b4407c987dcc1f9ff1fd34856664dee946904",966
"2ac4f8a4046cf0bfdc151dbba8e3cbf9e031d2d1",966
"565b53b7245b2c3230baa82dfcef493af57a4b73",966
"ac5f0b31c725de686f87338b0e900a220d2d2762",966
"e873055788c83c89810ff85957db07a8652c8fed",966
"e3ee8a90cf277b1e660834213a00eb7ffb831692",966
"bcde5b5a3d74466ba994796ab105e03cb38a07b3",966
"1166b627bb66347decd3f4a5777d35d0dc3c4e21",966
"0bd5c63f3515930ffba77eb2660c743069ab6572",966
"10ae6cd2d26d6dad3ef57aac0d39747e5a48f0c4",966
"5219f356eb595dbe4371716934e99b05b072ed4b",966
"5c7944c30a4eb9cb8406ee698627311d5d329434",966
"d62936a22bd4f839d40d4b5ee3bf1e6ea6b3a495",966
"23e55e6970eb1ade055524547bc19abbfeb3f47a",966
"e067c437159a4f4c166105ed4f36a8cb284dd211",966
"c68fc7a8f3b3f1ea4e6d08dfd7b89d433a67bd78",966
"f9258180afe903a8450150976cfb3d554ba9e1b9",966
"c806c50e9ca7ae6f3da2edaa9b7b295c7079e0d0",966
"18634aefbd6318dfc8f6badd9bc5c5f438683996",966
"77dcad3add6b385f14b4a2539addc6d70993f727",966
"2e46f9078353b65f99056898a35be96d2b4265a6",966
"ae9e3a01bd3df0a40197eebf395a39a78581d199",966
"b7bb375cb9147efb96e98ae82b414b854f9f9436",966
"a9cbb062aa3faf37e5da88b512f0f77a63172783",966
"fcbf6c9839ea51e4c3044d168285d23844d98543",966
"75f85a95d69a04d3fdca97d2df6c278c6bca3f1a",966
"225091c671d94c5a8a45c4cbd2ab4b77a2b489d9",966
"0157d8b286b131692b02af8ab5cf8b8af3585c90",966
"0559c20af7bfb1348dbd5c53e5730636c020436d",966
"526714037d9af3ff9eb922f524ae77cfc95e9c1d",966
"1c1d7cfe61a2d8a12762a2ddeaf31325f2d64c05",966
"91a62be3798c62d6ab3b8c046fd01312e3486c1e",966
"5093a4da9e18bec14d37333435f01125c180117c",966
"4f76f5d0f41db87a8af811dd5fb25919a5065494",966
"7aadc508e55483c215137c9eca30dce4b80c7abf",966
"79df456647d931f18bc63bdc10fd5fcc2fffa112",966
"0be781494357df02b7b1264aaf714e8a1999ae0a",966
"e42cac15ee3e7ab1e4eb2803495e6211deb8b46d",966
"c8c0916a4615f3e0479729619c0bc3936b7431ed",966
"b3e4c739ce2bd1321e7bdda1df4891ac2dddc937",966
"c176ec3901376e34f234c269bd255b677bf76a35",966
"3514545977b937fc8db38e66157ebfab2ad0c78c",966
"9b40eacc3b62c098ad1cb251df76cff67bc1167e",966
"22b94bbac3508e3e0d332701023f326ed3a6da42",966
"552f26f02cf1c5c19a6de6b41fa6fc8eeb1c6041",966
"0288e3a89ffe6bc92702cf9f4079891a4865e67a",966
"10027cc0a71c216fae9c6072611a82bdfc7674b0",966
"f08ecdc019e410ee760e96629e670db3e61bf391",966
"8d59c907b8ea109e22ad3f47ab75fabc3cddc319",966
"560321c5df4c4adb02ed59314758a0c3c3f259a6",966
"625b341180ab0bb60810644cf11734f3e13ba850",966
"f8c91102e3d1c32163e040816c1c60b376955881",966
"4dd1ab79c84990d89118e7cd9a54e0f7624526c1",966
"b22973d3a8f57080f9939093b5e1f33979b42a47",966
"fac4358e945264425c220c36a7d685bad154a5bd",966
"27770d5ba53fcfeb38470f891049b56aab3d1613",966
"bdae6d723ab12e0b5be65e548879f42dc5dc71a6",966
"24f579719103d37acce0a818dc4cf71e99b6ea0f",966
"1bec9c8c3aa05208aad29cdecd2a27894d5e2b5e",966
"bb45ba44d23bbdbaef479eaf0c5153ede1c0860c",966
"d42d4992df27309892672f083fc8ac4dbe707fa7",966
"e4ab66fd91689d665db9ea301d03a0cce796d4f1",966
"0e60f424b13f2d46db4315b5926f487b8981fd62",966
"fa73de4e552e4c738a34c37e207e4aed6b45c17e",966
"197f94c9245f5bd9850da94cfa201ad587febdcd",966
"cf94e162e009eef9bf4ba6896d4437d24bcbd1b0",966
"490b1535fe2d4e77619df531c133e9d41d0d25b6",966
"e9c4f6e24dcf219e626fb44119037970d703ef04",966
"41b8fcf31885b51253935bef2c2c75faa2f36758",966
"a7b3c1cfe01fe8dab0a93b32d90d599e2400aa18",966
"0f5957ab619a278c03bb083d19e0275b454cfce4",966
"b6b62ed457d8db1cf76da7e7de38f82e41021a8a",966
"9579d043d632416ade4b34dd75a4629b520df2a2",966
"1a358dcae6956166c29c7e0cebd22473d1beaed8",966
"324ada0331fd5cf3311e1bc99a914e68cde402e6",966
"9e82aa041f4f87b99a3919f60bdac1e644f4ef80",966
"a32053499c15b581b8810b02c1f97bf769e8c1e8",966
"3d89b602fb064a8b16be500d3719f78e8dcfc651",966
"10b04328bc10b4f1efdc9dccfdc5100a892fb732",966
"63efaa8ce6dfd63199ded4f88212372331b88930",966
"d87894feaf3015f53696a6be43e56e8ad5e00652",966
"cc8342f29550d4ec48a4d5496b03e907fed73add",966
"d7115eaf2d656a71260cbb15a4cfd805f6af33aa",966
"d9532b45094deacafab198e4f8e1e8e507e80b13",966
"2e0e7b448d41d73207338dd15c88d23ef8ae0495",966
"acabe4378358ca2d103c1c201ec442041cef2012",966
"4f926c018c7459456a8e4d8f4359e1418ce303e2",966
"5c082c0e087b4d86db28ba54bf882f854bc2f60d",966
"0a692dcba9e91845fa00a26a5efb677633ffa274",966
"53b4fb743b6e110a768dcb243b984e1f7ae096b4",966
"237c0179bf38e01e982ecc8163fcf4e84ab4462f",966
"7e2cc8ad69a61687fc99197a26f26d6a472fd00d",966
"8488e5d30ecbc5e8eaab884e332d2801521d74bc",966
"9ea9994c456cf258f8e7922e674314a113bc679f",966
"3316a325534cd0f0a36fc58676b51497ccec1fc4",966
"1a82fb877c9fbe1ba4b8f0e0656839d0bbd5304d",966
"3642292b082645481e5bdc2a60819bf197a50fff",966
"95ba171cc9382c5d2673e62fd5a4016f763add85",966
"31a94ead56bbd50bde7f01ef85929cd21da33300",966
"d150b4930db2df88ad7bfcea1eee0e10ca6aac5e",966
"467b8969022b9c7bee7061a7bd6db087df8a19fe",966
"80a698346504bf9e9de3083671e580cd7e5689dc",966
"4f427c3122ca2e17edf60269cb7f936a97325f69",966
"a1d1d9a74f8d4ff736703371d6aca8cdc29daa4e",966
"9f9742b833b44baf4b825591554fc1b11c0dd567",966
"444f6077d1be147058093e0e6087cec344cdceac",966
"4f9d6588a9e285a300112d582c0f15d739f7086a",966
"0fd875d398a2ccee2c73e6a45e26ad5db0fe5c09",966
"8c31c9da210660f6a4892cf4ba8b5a840dc49129",966
"c39e8ad44f02ad7fa153781f4b7c878db3d6ffa2",966
"64c188b09a883fb9ddc48b40a4932a22f9d1b2bc",966
"e1753a27fba5d0718cc84f7a3e41976edd89b9f0",966
"f6c97f5ded57037708dea2a7ce8f6f76e806e416",966
"5661f49c06c2a48e7e93c62ce1168614f344fc10",966
"f280fc6779bb61d9080c43a02912b32667f96c96",966
"7d5f38df322c7d492fd177bd37726d7f04884d6c",966
"219f41f6d15180f99e85f06e4271071548c3e41c",966
"54c74fadbf2e700e828ff1cc69ff6fdf352f7ea2",966
"ba1cff256d8484e66877b853d0afb67ba0e079ad",966
"a769edba8d6c3afdc8649d2b10fcb3b74a01de2a",966
"fbf83ad783a3cbd9da43928c33aa4b7222aeaadb",966
"6cf8818195ee6ef85ce032924a801ccd130d5de1",966
"36a480bc9732fcac203cd6e27d9b1ba686cf7ff2",966
"6ed8362b27e4a977efbd25af4df03f2c119c25f7",966
"b41ca3eb875fb57e778e1f987877572c7cf9ef4c",966
"d4a36c7909daa5bfd5b32cc19f19bdada3b1aede",966
"b6c045d62f07750c45eb01cf7fa954138b8258d4",966
"4fe99daa1a6bb5b13b2d33ad9ac18ca2fbf086d2",966
"6145497bfaf299f43c82e90fce72b2bc5bd924e3",966
"bef44bcd41af851c7d07e147c3a91d8b60d1e13c",966
"3ae8648421f9f5bd468ec52c5ae3d589b19ae07b",966
"545d1dab66361897618e03e93cccbc994de79499",966
"298c0d97ea602dda45620a092807463c8357580d",966
"29c5d4ff170fdc9380e07bed996439f1b6696d2f",966
"1eeea49680d7ee3281ca6871a7dba668c3fc466e",966
"95efdfb1c7c2d3ec9ff603673d03529799b9f3c3",966
"7a8747bbd802ca4b8e29162443f465947bad7101",966
"84bbd6e53191f51d3ed1772ceb7302c414b00665",966
"274cbb81da437d9b82bdf31b1bc2038d211fc983",966
"29250bbe1c77bcd739d8d603d793532438bf4faf",966
"b131313a1e6356887be1f4ed476a7ee3775ffc70",966
"f934833465d71a873d378b0f0505409f443d577b",966
"666805ca9652dbaab2821baa89d025b4cbcfdaad",966
"10ffcd7bfa888a0f03e5ca45a4f84a0373393f24",966
"40a63fe82ad3b8cd8020c06deb10542eabadb9ea",966
"ab9bf22a615e199e571fc9f2ce5ad55735336d3c",966
"8a0398863808616ed6d2c58d49637d8323aa2ccb",966
"17a7c3f8f497659c1e1ca79de02d17e6756ab106",966
"db2d79975d42a73194a255b7928b135c969030ad",966
"2374d1cc1e278f8933b812ebba277997148cde4f",966
"972eb4f2b69d972a050725c8c817001dd92dc36c",966
"96d726442215af9900739bcc63fa2bd33ee589d5",966
"00de34f8962186094b101edfe7a0551474041e8d",966
"ead0c10d973faf52768b24a92e2f9741c8baaaa8",966
"68665d1ce064afcf018dfe308e1b3559dfdf85e7",966
"6997085248e1fa844db1b6e7c59e2a7a74b6257c",966
"80691e137b10bda027b8168dbfb5e0601819477b",966
"751535de3b10db1f5e9b0497758125975511151d",966
"4ef9c71be8c5a17afd46d07a69f43b41408437f9",966
"7916b309bb3216c1ea10cdf237d21fa399be40fc",966
"56ba3bcf7fe846b2dc1c11268da8f3b5a5e0ba81",966
"3e5076c7b4313e7f218964dcaeaa4b145c114391",966
"a28897ec2f14865059cffbc4cb3ab91865b33301",966
"df35e1571c88789f0337c9be4d7c4fe2ba3be93d",966
"1dae0cc7845aa906db3e8fd8a88d12ea69c50503",966
"4ca6bc69208a8708564b3b1c30f388f9e49e3ea2",966
"e7ea86c6d291880e24796700dae14f4001e1916e",966
"8ceed73045916e17cd7c3b4f5ff1a91fa5d1b3bf",966
"f724e74c2836cfa4a0e972262271e276f3dd302b",966
"ab002598a90d425a7bfe0994000ce4dfd78ae3cb",966
"fd1dbadde6637db34abb9d28266f25e0a7f83bb1",966
"d8118e1d22c79dea8f72506024bcf63e28c4e9e6",966
"071df907f742294fd1bdae72500236dc4cbc3c6e",966
"f88ee6b4914540c40f572d1bf6b504392a0c2684",966
"1321c5d9888815d4d7090fc66dadfeac86904fb3",966
"c1d7a8805d0edbdf7251f3796d685fec94d9c29c",966
"35dbe1c62e5f37f6968fae5b6b5ce74b929c927e",966
"323c34b7554d21d8ed82e8a6075a49c1c07f5609",966
"45417f401a79167b5453a895135ff97ed444f469",966
"26e5a59c05844186688e6ca40fb1857fe1447cff",966
"c0d1ffc74f80638de93a068367e1a1c99cba55ec",966
"0ded7712419865745f5b6cfeb5b909b00051483f",966
"51bfa92094ccc280a18c872ca2c0fbf9ee762366",966
"47b33b63a5a89050991a1c3c8b2e8607533daa00",966
"6a2b04ddeebc4f51ac8408f70416b27a56f12684",966
"c9f63affba22e4c5e97c892d8fcd9d9f794acf78",966
"8247efe13e7002a0b5051f035b162b6519abf316",966
"84ed5799b8c0bbb8da363084f98004985519bfc8",966
"e916d268ec7e2f067ddbe5f7606c903429a30342",966
"7a71587c0c86de5450f0b8b6f5ae9df30d85b7d7",966
"001443dfe1f6b7147349fe5852e794fa2033745e",966
"9ea71693cd2df685be85e1481e4afb046201df56",966
"a112895d1feb58322c1f21a769f6750290b0c926",966
"0541629f5378521c6fc4325bcd98e368e52ca0dc",966
"ed8bb359e63b3cf9d69fb1350d528b65830bf970",966
"db2e61d70557109eb1d5d46ff3d03ad5923f8a80",966
"60b73cf40262bc3f64634a28ae2c6a3447936292",966
"4155e8fb1760e83b33bac9b41998afd55cebe84f",966
"d08d7e39d9b120e62cdb93348ae3192916db7518",966
"001a2bdeb823ef63e47fd63b79711f5fa5a05cd3",966
"6a9f492704946559632d8ced3abb088d044d2dea",966
"633cdc33c52c8e043dff7a0ee4beb395bd8e73f0",966
"a4ad07644fcbfa6f3b12b66aac916ce6f11d40a2",966
"3f6d7762ec9f469b34d6faaa02f9665a0c8c6f07",966
"797aeac625594e1264f60d69b8495cc4ca8192a1",966
"84aa6d9d05b4a8ea1a1e75328941c4d81b74a0b8",966
"ff40ea0955c1e0014466d8ccbe2c91e90174a737",966
"d0db02b8209630873056ec310fa976f6f6930005",966
"cea3c5091a7a39e341f866b9316e2ff78cc4cb3f",966
"da33334a716ec045e31368573e27f723f724b302",966
"9043123bf852db54c2c8948b4ab2c16ef18e7244",966
"62d6c885df7df161c46919915660b843ccdb7de2",966
"6d3e3f18fb546edd5bdafa973207194cce8d7175",966
"1a0766361286b3388fc1650215f750fc75a6407b",966
"255c6126ad879ffe2be5170bde63f90f75d4cc29",966
"5f70412b3a92fc2995662ef67ec580626738143f",966
"0c4fac97adb8e677d28c2643b159f390afc911f6",966
"cb5201def8975e884d5340c849d0232bc6991543",966
"2009eda48e37ec101da162771d70aaa183313ab4",966
"54984b61a3f13ce07728081995cb5579f4c854e8",966
"c049e14fe8f178f99068de0235e60448877659fb",966
"f9919c76d4442f7b684da995ff01500e0deb859a",966
"03cfe30649ea4f5251741e9f97457feed2332ec1",966
"11de396e47cd5695d20aa27f3627857b93f6d882",966
"427b7e6ea1e436e4b899f3bc1c662dadf066f7d6",966
"9efe5f1104183361aa40bee43a7695a64c6b91a5",966
"3e37d805fc59ea5f8403553c2da8b4791596beba",966
"74edeba134c124163802d494ab3cca764f912edf",966
"1c4518a70afdde43cceb8335737f229d796d69eb",966
"6e254228e6314e2dde86f9bd156fe2afddb85e29",966
"e5385000397769a51def777471cfb60e2ceee594",966
"7f34f2d87f33ea04380224ccde2ed4c19c0ca906",966
"8ad669756ab518be3b428645e4ed64565b95ba15",966
"31f3bd2c558eb54723c5028c8193285c91bf8115",966
"eaeb963f28758e0febeea6f6d04ea2fcd855f348",966
"e1499730b3d7ff0d94ce2824a9b69eb4d8368bb2",966
"a9c936761cef78a218ad19b8fa9dfb1a582a6de9",966
"17320c857333ae2856543b90fe35a3a64baba438",966
"c02311c96136aaeb56134281e504b6674a4d9bc5",966
"01c7410c0c2812c41d1f36b66055510e9e9b1c61",966
"3e0737296badac39b43edbda176b65c07df0e702",966
"f99fbf861405c0f93742543b7b5a6a8e978ba52e",966
"f9e4e64f92914927d78a466481539dc060942e56",966
"e42d7645d3cd253d7b1ac0e0bd86b6e0ff2c08b3",966
"a3306183cb5e34ad1a81c70248aefde61ca05f01",966
"a5b7463f5859847ecb563a721508cb8b60df4d0f",966
"83b2f3bd24a05f68683fdbb2ae1e3e0899bab4c2",966
"6ca94898ec95ed9e10d15a396615dc1aca469220",966
"260b4586a0334b58bccd5b8984adea281b486cad",966
"a4cb99a73bef3fdea40142a0fd545c7f2c2ce76b",966
"a5f525e002349916b1602b18b48764af87d74e97",966
"b3d2a99b952bb5fb076ad96f5ade829cdfc88ed0",966
"eea1f1419b27169d8e4b88c2b15369033a472541",966
"9b3a08aa02c9a95ae77b08fe197f1ad11cce6c21",966
"5e60f050f65bd9aabbd5c155e27cfdccf3ce2f0d",966
"602937246cf009de61e285dd5ecf8ffbfd41bffc",966
"8860d4b8414a6956ca784ff951c380844c139362",966
"8aff69d1e6ff82d6e98d7c2e06a62771b2864dbc",966
"a2e8434504c5d98b9869a7198dc1bd864b31ae92",966
"96f91cce6dd8865417d3e866c5314648a8780128",966
"59aa4a0c4e1ac0f0ace4f789e09265d0e5e02f59",966
"3638e96eb90c1ef17705ef61bc10242c5a35c1e6",966
"9f984dae6477cf315406ce1d4852302ea07a4091",966
"cdb2aa83a6ea86bf101b6d7faf4262b2cbecc479",966
"a94a6a9f2bb247d132c7afcc99a283c99624728a",966
"cdba5b5e1fa17efc0d0c33638353ab6e7af082e2",966
"6b308b39fcdbdf5722d706a4e3d55c71edcd4b4e",966
"5f86939e0a4eab7544aad34ab2657134f566de57",966
"9aaf24e22b9ace17e4022421c3e3b7e0da7f1d05",966
"155d8db5e4e805d2160b00662c89b52b30b4a618",966
"41c7fb30d62564fc57afc89d81d250deb8e07cb6",966
"5d024e60d83dbb8bf8cc566d328981f2bec13ce1",966
"45d23dfc97a7b81a7a74a625f32a36869ab147b8",966
"a1d52a2073b23c25fb9694953556468d812e48e3",966
"cf0dc1ddf38e470e2e6516b57a5197d41c5205ee",966
"886eab747565d25ee2737842a4afbfeab6bba08a",966
"ac41d414ec9ab40935264ae872c265f091fe3ce7",966
"6a0a61bced19c1294623e84a7d7067a44706903a",966
"3674ddcff64d2e37075e9e2f7a9accb4f1167c87",966
"27c2b7b55598f919472de544825fc4399f99290c",966
"b06532e0261e0fb46fcb6295a0c3c993a01583d4",966
"cb897c75170d0bf7986fd8a4d6b41b6a6152b415",966
"78e26a3e6ebd7bb0dfeca894d5ee04564998fa5e",966
"ff4327b27bf52af60cf4f17308b69375df68145e",966
"e6f4a315307ceb5bf0748b817196a1c9004844b2",966
"b50231f207aa3c93c46ac9e2efa1ac695e3556d6",966
"366d2b22611a48d08c0c285331415a4dbfee7851",966
"b07672eebe5b6464ce8e2a1bdc025e072058cb8f",966
"25500b5848106d0ab4d865b37065365a2632a92c",966
"86deaed92abc1efe1deca452f41656327d51d9da",966
"a6663460c630397e97e09edeca758be31202805b",966
"7355754d27100992c77e9080ec30fed66a87f72c",966
"b04ed3a3cfaee734d7d0dcdd43bce6b90c6b4345",966
"f08756da06c36bc820b6852e430d3dcca1add255",966
"b815cfd06a3cb4cab78be4dc13f49314b90c4150",966
"9f8d19510c9052240d927597e5ea78755da68dde",966
"e681b5692e0ff666d522dd3fe19807bf74881686",966
"fbed1cc732bdda957cd6002a5c4ce464a86acb29",966
"f39758a1093efd10d662f39ec955517359293d2b",966
"4d2e758f963de1fa43efd42e9872824678cfa37e",966
"8fa6c9134afa8a77995fe79f77d0ed60f79856b9",966
"460d6c06bdda2c13b35561ff649750ecd8ac9935",966
"87bfdeb93541c1013b55cdebce8ce14a85b1b150",966
"3e12602ed73a0b6228992b7d31f3b111135bd217",966
"0e763eace62c3953158b8eeca16d9d02c813a11f",966
"202e6e15fb781e2048313ae4974ecb48aa312665",966
"357989b81e6843e0352d1e89218d7f0e64fe87c0",966
"fecdccbd10a34c07b158cdceef674d5f5e355b96",966
"8f982be6f56b75ef3ba0424ad49c1c35f0e4633a",966
"fc50f1a6abcb9970f462c451ad0514603927b5c9",966
"f8280185b8831b319a1675f3d8fa4e75941003d0",966
"bb4e331b243717f6f4361de1277ed97b00669235",966
"8194d234a5596467dadf8cc11d61734c1f775732",966
"ec0de6ccd625e026586f694b5130fcf6de49a673",966
"dcdd689ee898321640e6fea2540c1bee5415800a",966
"bccddc0bf18c838ceaa009478b5cb8d7b99fd78e",966
"90b70e6a6dc00c3f143900dc9461f47b067f303a",966
"4adc256a184f792559e8a729e03f45edefe4944a",966
"3fff1e61855f27156028307a691bf9107b34567f",966
"4b42b0be0a616ca75f55ebf11b9b9b9de27dcb4e",966
"14db00b52a5c6c5b86fa801e1f01cace86486e24",966
"37fdb0d1ff2c8e73adf46a62f38b5457f1513906",966
"95e0e47638388bc4e29033555e31fe556a2511d7",966
"a464e918b01cd81ec7b0e92f8e737ecae44c226e",966
"cfbf9247f92a3244a6e00280d5383fbdc5c9b15a",966
"dbca615133c6073ee4213a3c6fea9362e3fffe89",966
"fb7e4e958feb892220df13eeb7f1c8bf68a93049",966
"07c4e325c4dd30111be7f0928718e2804f5f6334",966
"bb59a408bfea6304b22fd803a2a2e612f10e6398",966
"bc714dd38641daf153216f22b2490d4786c7c5bb",966
"e0827162abef000dcbc81a5aeba2c9aaaad2ab5c",966
"ef218ef4371431dbe4d9005f1353ebaa57d3cdf7",966
"2c169a8ae0708d57a29108e4098c4efda06e109d",966
"4411bd257e87045132e1569f386effa5f3c599ce",966
"ce84a61ad68881fe6bad882d4599bc2c972b1d10",966
"0637fe6c41928d280238c63602ff1c403929d687",966
"d406509b026a12ae32dd452561ad01bcf7504687",966
"d5be6c2cfa5606601dc94dacff75da62c1090e96",966
"d5c606ed3f5a9544800a1c6159e6740e79740c8d",966
"70b574844726386206d31c9a7884f9f38149c848",966
"60109cab5481334b9aa0ee4fbb08e67ec3800a1d",966
"46ae718ea7b8ab2d2cb20abb2bbb220fe4492314",966
"e405082d46480f20af1d0f96fae86e8ecf595210",966
"11bfb3f0a4d710d0424e62aaf90c48dd38c34271",966
"9b5ed89bfed1447bb0df5d4c189f8fef7762c352",966
"a7cd0d8add3c1fc857e456750df2f0c2d2e3a578",966
"4f720e63dca5fcdfa4ce3e7293faa80b4eee7bad",966
"aae2445580e471d0aa5f4a7cd50f08b3d38711a9",966
"ffbe0915b7563c68e495c537390f2bba8b72f3ec",966
"0922e323e370c27d885c3f04e5ea7751dc8093d9",966
"b8837c5fce63e33b6497cda7622dfea108501d62",966
"19b7591f06fae7cecf59a7672350bda74629e682",966
"9ec17af809f999bd6caf96fdb6aad3d7fba18482",966
"3b07633b866915c79ae4da925896ef6259a16613",966
"8c57fbac7e91245511e71b3d524e25be02b4d68b",966
"0e5e3f75230696e9c7db849a381fe20cc70a733f",966
"e666ddab67bc9b0600db09b5a65b76cca254c217",966
"726568dd4b43d292cbda1bcd8b9fd1f4cae05791",966
"311150acfca956c2768d18617fb079e7eda9ed8a",966
"fc19a4ef3d5c4ab8363e88a23b32a61e590f993f",966
"849016084fb3532f2149415b1699f7484cb56cf8",966
"6e6c4a37b470d77e1c75c3e8e9bccc8925a34e98",966
"0100fb59366e30b1c1612bef039e10b4ec017b16",966
"e159bfa13031b2a6963d8be2aec826e502144597",966
"50f5fc838d1d8dba8e0dbd9a6a6c662973c1b128",966
"e0a6007d6ddf981c9e32fd522e3a7fd1db8a4ea7",966
"d7cc1bff7f3b5d534baa09368de7f0ad1cf88b0f",966
"62c14e16475d21df493a6335fe4657cf1855dd77",966
"7842ef5ee89712912a9af652ada55fc3bfbf2b09",966
"93bdfb9205f094118acd4fa11c76e964a6b8a6db",966
"858144814a37de6d1b3a69559771de5aad4a3047",966
"2f0430102702d00f8b5da483c0d690347a01ff21",966
"f5b1e6cf508dc08c590f2c4ba080693b2381c839",966
"8dd28a7a4b5456dcdecc5fa8f276ab103d82fb36",966
"2ac191ad06200d075f028199cbc5805258d23f16",966
"c00fbdcb46550ea6b907090caf5392c7ee6324a7",966
"5e04feca5ddcada54e42808be03d4e47957989e4",966
"91c09188ed8bef7ed3370f92bed0008f6e042342",966
"dff4461cc6c2e88472b26d388a15461515142c61",966
"2b0ba36aae2716503511c30f1fb1d6444f6dd8dc",966
"285c8f2adca4084e54b66f51c8b6ce62b3f93e86",966
"cbc7238e8204a0ce5e2ddf993909f9fd2cc796a9",966
"1c12d8184f8dbc81e2ffb568c4c2a92156a42cc5",966
"8a8d6b2bd5d36099cec5f1597e3f00f7222b2f97",966
"cb2583c4e8ba94837eb6823aa16310113610d0ec",966
"1c0749a37e759a31976f79e2db44da74b3f20362",966
"047be6b06852b8f7bcfa873f3a1ab90836daf6e4",966
"826550e028a1104dd1ea4c2ed6a09adc1e91ec49",966
"36217fcd23d65bfcacbd52a7e418d3808e55cd15",966
"fd2abc89095ba1d646a49b6d776a502cc72c03a0",966
"f58040886f90dae062e7746307f08d7819c453c7",966
"fe3a3eb69ac4f5ea265923e3968ec89cacbd636a",966
"205f8f8dafaf40784df32c4d605cf72dbd319eb6",966
"126ec0699bf8974d4fe9e18b52580444639f5b4d",966
"939e69549ce1400f17e405fb629d21ab54f2ce5a",966
"e4cac960801a3cc3abd68e8423521d985c384439",966
"db531f7d3b3197b29d02c1a250fa93c77309af08",966
"743eda066382191905dac30d763b00e28a5b8e9d",966
"6107f727efd69f5704c5a3525c7e002b849d705b",966
"090c6a190e13fe543b0fcda27b6fc731c6d73ca1",966
"682b2b4919d366bcbe1c29a1af573a38da378004",966
"b1110fd6958301642889ae7810ae630a3e5bc599",966
"c42454c4aada28bf3453011aab0ce526d42e7f5a",966
"87d1f0ace3f00d4ec5b5e18219e4f16880c0d3d5",966
"97126487eb101c4548b8b59fb24098df05b2e963",966
"b4cf29148277f2a8da9d64436be013f228b311b1",966
"131d9633bec57851d60fe047d973df8ae67b6afa",966
"776d65b37b40f9a2d94db33c91cc4e194029f024",966
"fc2b696e19875cb4f5e7c49a8e18c13735a711c8",966
"0221452e5e2e9c23c436fb62ebc62b6ef7b04a02",966
"570c92db98afa440a3be7280e8b06930d4846746",966
"85575c40f6d27cb3421ecae111fb0f42e60924ba",966
"0898ceb4352070f401274f26dcc22af1139044ae",966
"3ba0b40db7054250acb43da1791e72843a3a6be1",966
"325682cd01ea6f7600d80fa237f53201aed5b09e",966
"42b850f4dd398d6002959fe45529bc9b55b83ea9",966
"2d58692bf02355d204d323617f80195508071aa8",966
"ff11838edb4d0167cc2d2da08ded57ed5935e504",966
"903578ea67a87e35889337a7505eebac163cca88",966
"05a44cce58c5243b5d82d4ddb8a53a432038c044",966
"6dc967275dd7c177b92249af622b91fde7d41995",966
"40fb55031bb52febcb1c3fd601709873529822ad",966
"b3ba867a7f14c91c04e65a713368a2f1c2c52119",966
"bc034f2f9d7b73cdba9d82eb306cd9ec97eaaaed",966
"a33ce521eeca7db3076dc5867013dd83cacc6ce5",966
"e1bb5406d92bda7cd37de1ab109485570f83f144",966
"4c859213a03f40779a21ddf03cfecb1b1254be0d",966
"4b3e2ab604f4b2935c03dd367ef92e57768ec0f9",966
"ab1856e01a0d77fc98246f80c8a46d142a2c0819",966
"54c784a24eff4e304776fc429f753452ea37fb2f",966
"664718e0954f308edb8c31ae7e6b2e4f8796e5fb",966
"e04a339963283d7a5bb2ea58811b3a91bc5e2d90",966
"b187c5f182616517d1100f2634d75caf7fe91311",966
"ccbc318b733afb359b4f3568a4d9654e012a2f95",966
"5e6651429c55d1950cdccb85673adcdd835860ee",966
"5f19c36bd620f009cc5aa14ec262cfc4d89cb3ee",966
"6e477bdd5d602c353d6cc5d54f4370ab2d429949",966
"4feb61435ede7110844edce31183e8c7a594b79c",966
"23715b11c6f049cd5542ae49e5ba184f2cbff8ce",966
"9aaad864d0d0cf4bd8fd34ce665e014efdfc4fe4",966
"b8075f27a354c6d1ece082751beabda0a96591b3",966
"798143b2350131da6af5c8a37df9145afdbd6f46",966
"f04186b76e6a6a58e9cccf83fc09235c888c89e0",966
"147af276a2ab9be6b5d3bf1397099761f3503086",966
"e087b39597502e0a912e8c06af256d4bf0b4b7b1",966
"8dc184d54f9e2799c7342ced4c8f1bec0ef62d4a",966
"7c02c6b6ebf057850a8ad5faad7e8c7c37e81302",966
"e5b69192b73a934ca73972f62294408ae2b05639",966
"7d35e3322d1fdd8dd450518ecbe59bff790f1318",966
"05893e4a889e1d9766a8af8c6975cd8ddfd73c60",966
"ade80d5ebaf32295ba3c2aeb7ff6f0726dc28fd2",966
"a6d098f4c35153ea1f7971966234c237a2498ab9",966
"5c2289361e9cf01192575b0429a8ecf5f512a999",966
"7a946f3f27b3d7164c057d9e55dd7b848180fb23",966
"9457e52456561dc4a070ec3732195e8e9f96be19",966
"990323b4850c5ddadeefcad4b54e4d911549ccec",966
"45ccdbe962170993610a035610e24b3a4da8ed8e",966
"428dbd4804ac63a5874889c2e669d0f028087689",966
"473c0972bc10ce5eb175666d797e22d08852dca1",966
"82ffdd4cbdd757d1064cf46899c41bddda3952ba",966
"2f222f5394475f9dd43c8bd5cf7f9c7838e38e09",966
"c4d8ac12d7155f066c51fd47e0c3a50fa1a09a5e",966
"e1400d561f14de91f16fe634d0a23f1b34ed4dad",966
"5e631ca96b5530d34f04a858815c64221625a437",966
"e8caeaab38ce65d1e884df47846c9697188196fa",966
"963ac922f25d18d02d7b3fdd50ce7d85598c08c1",966
"c52a63e0e90878cda783cf2c5a87b4d4bab6d5b1",966
"d1e59da6ba8059b1ea588ce11698ff945337d078",966
"f9d44cebd44c1205a39286ea94746561b42bac1c",966
"239bf3ced73bfd688fa48f424f8861574f3052e2",966
"c802c8700ca6e7a3ab401b64b2f598e35ac5aa83",966
"8c289a32701d75337631729ea590df7b43eb5a24",966
"a5425109e28f430dde19ae9de29cb278e5f9bb41",966
"d2e96fbd438e0c6a344988b78977f9d17dfb6a48",966
"b463e4a5e0f9aca550a9e6c8754b86ff143e3983",966
"31b2e8a5b4f3d5b9902ca90c8e41894df39dfeab",966
"581be1aa2e98930378ace7b35cf2d9817180cae7",966
"038a9fd694a9b4613be9c33b6e9e8398e9426c49",966
"dfb642cd09b08eb1802e370674b60ef56650436d",966
"39cdfdcb3b79900c2af9e1c44a6cdde759ffaec7",966
"46a7bddb28e2183777959a09bbd9b201c7d01075",966
"a21441803b0d45c018548f08051ca8eab2ebda10",966
"34b3054b5cf1d43e2dff65f6f2b808337fbc629f",966
"ece1152502a60c1f641a12a4d85967acbf223242",966
"5a1dd368f12d978567eaeacc6425dbb48bb11677",966
"a274a28e3017bc9e1250112526f118164fb788e9",966
"06948e54bf3fd094c1037f61dc653eea563c8687",966
"08b31caddca42fda2d48c239a3ccef337225c336",966
"02d28065e1adc115d469ef4ecb16268583d117ef",966
"74afd8bed970d72d6b5d4a4d75360a9365d79fdc",966
"a36d70122b8a299bb0c667f7997e090c4f2843a1",966
"f5a0477dbeab2633de7de92aa03f4c945a4a4eb7",966
"5258dc25bac749b163096a2fd652fefc9e3fc8d5",966
"813d12619048013486601801576880e1606e9541",966
"c39ba9c12aad35ded48ac77c2b9fabbe4a1eb0c5",966
"20894ca4ecb9a3b5e588dbd1ba05ba7eab478d68",966
"e004a5aae8ad049eb282e23af0cb38df221fa0a8",966
"ce87d77ec78bed4c2c37fe68f2a56794aba92bb8",966
"6e32c9997fd3b9d76ad9ede7d030793353925e11",966
"14a99e6a07c740a646bc58ff8c7316c96bc9543c",966
"2f5b7496e7d263e3be2d934b87669c5d8a8634d9",966
"66f15ca10c08dd361851c60e2ee04da14ba1cb4a",966
"381360799395e85026cd6ad1f0abe15d4c0dec9c",966
"be059d348bb4ad16798b0bf4321ef9f52d931424",966
"085f1cc189454d96abe6c1f43bfdee7c1f07431b",966
"568531b0afd3ba36882def98fdcbb275206c70e9",966
"8287c26a6d7d591ba6616198cd2d20e8ea186151",966
"d4f9df7492c5159b365e8530c5dc54af7ce9cc8b",966